CB_PROB;CLOUDCEILING;TEMPO_CLOUDCEILING;LVP_PROB;RAIN;SNOW;VIS;VIS_TEMPO;WD_2000;WD_050;WD_100;WG;WS;WS_1000;WS_2000;WS_050;WS_100;RWY04_CROSSWIND;RWY04_TAILWIND;RWY04_1000FT_TAILWIND;RWY22_CROSSWIND;RWY22_TAILWIND;RWY22_1000FT_TAILWIND;RWY15_CROSSWIND;RWY15_TAILWIND;RWY15_1000FT_TAILWIND;RWY33_CROSSWIND;RWY33_TAILWIND;RWY33_1000FT_TAILWIND
0;500;300;40;0;0;9900;5000;210;210;200;8;5;20;15;15;20;4;3;20;4;0;0;1;0;0;1;5;4
0;500;300;40;0;0;9900;5000;220;220;190;7;5;20;20;20;25;3;4;20;3;0;0;3;0;0;3;4;4
0;500;300;40;0;0;9900;5000;220;220;190;7;5;20;20;20;25;3;4;20;3;0;0;3;0;0;3;4;4
0;500;300;40;0;0;9900;5000;220;210;200;9;6;25;20;20;25;3;5;25;3;0;0;4;0;0;4;4;6
0;9900;9900;10;0;0;9900;9900;220;210;200;9;6;25;20;20;25;4;5;25;4;0;0;4;0;0;4;5;6
0;9900;9900;0;0;0;9900;9900;220;210;190;9;7;20;20;20;25;6;4;19;6;0;0;2;0;0;2;7;11
0;500;300;40;0;0;5000;3000;230;210;220;11;7;15;15;25;30;4;6;13;4;0;0;4;0;0;4;6;10
0;500;300;40;0;0;5000;3000;230;210;220;11;7;15;20;25;35;4;6;13;4;0;0;4;0;0;4;6;10
0;500;300;40;0;0;5000;3000;230;210;220;12;7;15;15;25;35;5;5;12;5;0;0;3;0;0;3;6;12
0;800;300;40;0;0;5000;3000;220;210;220;12;7;15;15;25;35;5;5;12;5;0;0;3;0;0;3;6;12
0;800;300;40;0;0;5000;3000;230;210;220;12;7;15;15;25;30;5;5;12;5;0;0;3;0;0;3;6;12
0;600;9900;10;0;0;9900;9900;230;210;220;10;6;15;15;25;30;6;2;12;6;0;0;1;0;0;1;6;12
0;600;400;30;0;0;9900;4000;220;210;220;10;6;15;15;25;25;6;1;12;6;0;0;0;0;0;0;6;12
0;600;9900;0;0;0;9900;9900;230;210;220;11;7;15;15;25;30;6;4;12;6;0;0;2;0;0;2;7;12
0;600;400;20;0;0;9900;4000;220;210;220;11;7;15;15;25;25;6;4;12;6;0;0;2;0;0;2;7;12
0;1500;1200;0;0;0;9900;7000;230;210;220;11;7;15;15;30;25;5;5;12;5;0;0;3;0;0;3;6;12
0;800;300;40;0;0;1500;5000;180;200;200;25;15;30;35;30;40;14;6;11;14;0;0;2;0;0;2;15;30
0;400;9900;40;0;0;4000;9900;240;260;240;7;5;20;20;25;20;2;5;20;2;0;0;4;0;0;4;3;1
0;4500;400;40;0;0;9900;4000;250;280;240;9;6;20;20;30;25;1;6;20;1;0;0;6;0;0;6;2;1
0;4500;400;40;0;0;9900;4000;250;280;240;9;6;20;20;30;25;1;6;20;1;0;0;6;0;0;6;2;1
0;9900;400;30;0;0;9900;4000;250;280;250;9;6;25;25;30;25;1;6;24;1;0;0;6;0;0;6;2;1
0;9900;400;20;0;0;9900;4000;250;280;250;9;6;25;25;30;25;1;6;24;1;0;0;6;0;0;6;2;1
0;9900;400;30;0;0;9900;4000;240;260;250;8;6;20;20;30;25;2;6;20;2;0;0;5;0;0;5;3;1
0;1300;400;40;0;0;9900;4000;240;260;250;8;6;20;20;30;25;2;6;20;2;0;0;5;0;0;5;3;1
0;1100;400;20;0;0;9900;4000;240;260;250;12;8;20;20;25;25;2;8;20;2;0;0;7;0;0;7;4;4
0;1200;9900;0;0;0;9900;9900;240;220;230;14;10;20;25;20;20;3;10;20;3;0;0;8;0;0;8;5;8
0;800;9900;0;0;0;9900;9900;230;230;240;11;8;20;20;20;20;4;7;19;4;0;0;6;0;0;6;5;11
0;1300;800;0;0;0;9900;9900;240;240;250;12;9;20;20;20;20;3;9;20;3;0;0;8;0;0;8;5;8
0;1300;800;0;0;0;9900;9900;240;240;250;12;9;20;20;20;20;3;9;20;3;0;0;8;0;0;8;5;8
0;2000;800;0;0;0;9900;9900;230;230;250;13;10;20;20;20;20;6;8;20;6;0;0;6;0;0;6;8;8
0;2000;800;0;0;0;9900;9900;230;230;250;13;10;20;20;20;20;5;9;20;5;0;0;7;0;0;7;7;8
0;2000;800;0;0;0;9900;9900;220;220;240;14;10;20;20;20;25;9;4;16;9;0;0;1;0;0;1;10;16
0;9900;800;20;0;0;9900;1200;190;210;230;4;4;10;10;10;10;3;3;10;3;0;0;2;0;0;2;4;5
0;9900;9900;0;0;0;9900;9900;190;210;230;5;4;15;15;10;10;2;3;13;2;0;0;2;0;0;2;3;10
0;9900;400;20;0;0;9900;1200;190;210;230;4;4;10;10;10;10;3;3;10;3;0;0;2;0;0;2;4;5
0;9900;9900;10;0;0;9900;9900;190;210;230;5;4;15;15;10;10;2;3;13;2;0;0;2;0;0;2;3;10
0;500;100;60;0;0;3000;200;220;230;240;4;4;15;10;10;10;3;3;15;3;0;0;2;0;0;2;4;6
0;9900;9900;0;0;0;9900;9900;210;220;240;6;4;15;10;10;10;3;3;14;3;0;0;2;0;0;2;4;8
0;1100;800;0;0;0;9900;9900;120;100;130;10;6;15;10;10;5;1;0;0;1;6;7;6;0;0;6;0;11
0;1100;800;0;0;0;9900;9900;120;100;130;10;6;15;10;10;5;1;0;0;1;6;7;6;0;0;6;0;11
0;1100;800;0;0;0;9900;9900;110;80;140;10;6;15;15;10;5;0;0;0;0;6;7;6;1;0;6;0;11
0;1100;800;0;0;0;9900;9900;110;80;140;10;6;15;15;10;5;1;0;0;1;6;7;6;0;0;6;0;11
0;1100;800;0;0;0;9900;9900;110;120;140;10;8;15;15;5;5;2;0;0;2;8;7;8;0;0;8;0;11
0;1300;800;0;0;0;9900;9900;110;120;140;10;7;15;15;5;5;2;0;0;2;7;7;7;0;0;7;0;11
0;1600;1300;0;0;0;9900;9900;120;100;140;10;8;15;15;5;10;2;0;0;2;8;7;8;0;0;8;0;11
0;300;9900;60;0;0;5000;2000;220;210;190;3;2;5;5;10;15;1;0;0;1;2;1;2;0;5;2;0;0
0;300;9900;60;0;0;5000;2000;360;190;170;5;4;5;5;5;15;1;0;0;1;4;4;4;0;4;4;0;0
0;300;9900;40;0;0;5000;1200;190;220;190;3;3;10;10;15;25;2;0;7;2;2;0;3;0;0;3;1;9
0;300;9900;40;0;0;5000;1200;190;170;200;3;3;10;10;10;25;1;0;10;1;3;0;3;0;0;3;0;5
0;300;9900;60;0;0;5000;1200;120;190;190;5;4;10;5;10;20;2;0;0;2;4;7;4;0;0;4;0;5
0;200;9900;60;0;0;2000;1000;190;220;190;3;3;10;10;15;25;2;0;7;2;2;0;3;0;0;3;1;9
0;200;9900;40;0;0;2000;1000;190;170;200;3;3;10;10;10;25;1;0;10;1;3;0;3;0;0;3;0;5
0;200;9900;60;0;0;2000;1000;120;190;190;5;4;10;5;10;20;2;0;0;2;4;7;4;0;0;4;0;5
0;300;9900;40;0;0;3000;1000;200;210;200;4;3;5;5;15;20;2;0;5;2;2;0;2;0;0;2;2;2
0;300;9900;40;0;0;3000;1000;290;200;180;4;3;5;5;10;20;0;0;4;0;3;0;3;1;0;3;0;4
0;300;9900;60;0;0;3000;1000;120;160;170;4;3;10;10;10;15;1;0;0;1;3;7;3;2;0;3;0;5
0;2500;9900;20;0;0;8000;9900;200;210;200;4;3;5;5;15;20;2;0;5;2;2;0;2;0;0;2;2;2
0;200;9900;50;0;0;1200;9900;290;200;180;4;3;5;5;10;20;0;0;4;0;3;0;3;1;0;3;0;4
0;200;9900;60;0;0;1200;700;120;160;170;4;3;10;10;10;15;1;0;0;1;3;7;3;2;0;3;0;5
0;2500;9900;20;0;0;8000;9900;200;200;190;4;3;10;10;15;20;2;0;9;2;2;0;2;0;0;2;2;7
0;200;9900;60;0;0;1200;9900;190;190;180;5;4;5;5;10;20;4;0;0;4;2;2;3;0;0;3;3;4
0;200;9900;60;0;0;1200;700;110;170;190;4;3;10;5;5;15;1;0;0;1;3;6;3;0;0;3;0;6
0;300;100;40;0;0;3000;300;200;200;190;5;3;10;10;15;20;2;0;8;2;2;0;2;0;0;2;2;8
0;300;100;60;0;0;3000;300;190;190;180;5;3;5;5;10;20;3;0;0;3;1;2;2;0;0;2;2;4
0;300;100;80;0;0;3000;300;110;170;190;4;2;10;5;5;15;1;0;0;1;2;6;2;0;0;2;0;6
0;300;100;80;0;0;2000;200;190;200;190;6;3;10;10;10;20;2;0;4;2;3;0;3;0;0;3;1;10
0;300;100;60;0;0;2000;200;170;190;180;6;3;5;10;10;15;1;0;0;1;3;1;3;0;0;3;0;5
0;300;100;80;0;0;2000;200;180;190;200;6;3;10;5;10;15;0;0;0;0;3;1;3;1;0;3;0;9
0;300;100;80;0;0;2000;300;180;190;200;5;3;10;5;10;15;1;0;0;1;3;1;3;0;0;3;0;9
0;9900;9900;0;0;0;9900;9900;220;270;240;3;1;10;10;10;20;1;0;10;1;0;0;0;0;0;0;1;2
0;9900;200;40;0;0;2000;700;250;240;230;4;2;10;10;15;20;2;1;9;2;0;0;1;0;1;1;2;0
0;1000;200;50;0;0;2000;700;250;240;230;4;2;10;10;15;20;2;1;9;2;0;0;1;0;1;1;2;0
0;1100;200;50;0;0;2000;700;230;240;230;3;3;10;10;15;20;3;1;10;3;0;0;0;0;0;0;3;2
0;300;200;40;0;0;3000;500;230;240;230;3;3;10;10;15;20;3;1;10;3;0;0;0;0;0;0;3;2
0;300;200;40;0;0;4000;500;230;250;230;3;3;10;10;15;20;1;3;9;1;0;0;2;0;1;2;2;0
0;9900;9900;30;0;0;9900;1200;310;310;340;5;4;15;10;15;10;3;2;2;3;0;0;3;2;14;3;0;0
0;9900;200;60;0;0;1200;500;310;310;340;5;4;15;10;15;10;4;1;2;4;0;0;2;3;14;2;0;0
0;9900;200;60;0;0;1200;500;320;320;350;6;4;15;15;15;10;4;2;2;4;0;0;3;3;14;3;0;0
0;9900;200;60;0;0;1200;500;320;320;350;6;4;15;15;15;10;4;2;2;4;0;0;3;3;14;3;0;0
0;200;9900;60;0;0;2000;500;310;310;360;7;5;10;10;15;10;5;0;1;5;0;0;1;5;9;1;0;0
0;200;9900;60;0;0;2000;400;320;320;10;8;5;10;10;15;10;5;0;0;5;0;2;1;5;10;1;0;0
0;200;9900;80;0;0;2000;400;320;320;10;8;5;15;10;15;10;5;2;2;5;0;0;3;4;14;3;0;0
0;9900;200;60;0;0;3000;500;320;210;270;5;3;5;5;5;5;3;0;0;3;0;1;1;3;5;1;0;0
0;9900;200;60;0;0;3000;500;250;210;260;2;1;5;10;5;10;1;1;4;1;0;0;1;0;2;1;0;0
0;200;9900;70;0;0;1500;500;250;210;260;2;2;5;10;5;10;1;2;4;1;0;0;2;1;2;2;0;0
0;200;100;80;0;0;700;300;270;230;260;3;2;10;10;10;10;2;0;6;2;0;0;0;0;6;0;2;0
0;9900;9900;0;0;0;8000;9900;320;320;310;7;5;15;10;10;15;5;2;0;5;0;3;3;4;15;3;0;0
0;9900;9900;10;0;0;9900;1500;330;310;310;7;5;15;15;15;15;4;3;0;4;0;3;4;3;15;4;0;0
0;1500;9900;0;0;0;9000;1500;310;320;300;6;4;15;10;10;10;3;3;2;3;0;0;4;2;14;4;0;0
0;200;500;60;0;0;500;5000;310;320;300;6;4;15;10;10;10;3;3;2;3;0;0;4;2;14;4;0;0
0;100;500;90;0;0;400;5000;300;300;310;7;5;10;10;10;10;4;2;3;4;0;0;3;4;8;3;0;0
0;100;400;80;0;0;300;4000;290;300;310;3;2;10;5;10;15;2;1;1;2;0;0;1;1;9;1;0;0
0;600;9900;0;0;0;9900;9900;320;320;280;11;7;20;20;20;20;6;3;0;6;0;1;5;5;19;5;0;0
0;600;9900;0;0;0;9900;9900;330;320;270;11;7;20;20;20;15;7;2;0;7;0;1;4;6;19;4;0;0
0;600;9900;0;0;0;9900;9900;330;320;270;11;7;20;20;20;15;7;2;0;7;0;1;4;6;19;4;0;0
0;800;9900;0;0;0;9900;9900;320;330;280;10;7;20;20;20;10;6;3;0;6;0;1;5;5;19;5;0;0
0;1000;800;0;0;0;9900;6000;340;310;260;8;5;20;20;15;10;5;2;0;5;0;8;3;4;20;3;0;0
0;2000;800;0;0;0;9900;9900;340;310;260;12;7;20;20;15;10;7;1;0;7;0;1;3;6;19;3;0;0
0;9900;9900;0;0;0;9900;9900;30;330;330;4;3;10;5;5;5;2;0;0;2;2;9;1;3;0;1;0;1
0;9900;9900;0;0;0;9900;9900;30;350;330;3;3;5;0;5;10;1;0;0;1;3;4;3;2;0;3;0;1
0;9900;9900;0;0;0;9900;9900;80;40;300;4;3;5;5;5;10;2;0;0;2;2;5;1;3;0;1;0;1
0;9900;9900;20;0;0;9900;1200;80;40;300;4;3;5;5;5;10;2;0;0;2;2;5;1;3;0;1;0;1
0;9900;9900;10;0;0;9900;1200;70;330;320;5;3;5;5;5;10;3;0;0;3;1;3;0;3;0;0;0;3
0;9900;9900;0;0;0;9900;9900;100;90;160;5;4;10;10;5;5;2;0;0;2;3;7;2;3;0;2;0;5
0;6000;9900;0;0;0;9900;9900;100;130;200;4;3;10;5;5;5;2;0;0;2;2;6;2;2;0;2;0;6
0;9900;9900;0;0;0;9900;9900;100;130;200;4;3;10;5;5;5;2;0;0;2;2;6;2;2;0;2;0;6
0;3000;9900;40;0;0;9900;9900;130;150;160;4;4;10;10;5;5;0;0;0;0;4;3;4;1;0;4;0;8
0;3000;200;60;0;0;9900;2000;130;150;160;5;4;10;10;5;5;0;0;0;0;4;3;4;1;0;4;0;8
0;9900;200;60;0;0;9900;2000;130;120;190;4;3;10;5;5;5;1;0;0;1;3;1;3;2;0;3;0;9
0;7000;9900;40;0;0;9900;9900;130;120;190;3;3;5;5;5;5;1;0;0;1;3;2;3;0;0;3;0;4
0;9900;9900;0;0;0;9900;9900;80;80;40;5;4;5;5;5;5;4;0;0;4;1;4;0;4;0;0;0;1
0;9900;9900;0;0;0;9900;9900;100;80;40;5;4;5;5;10;5;4;0;4;4;2;0;0;4;0;0;0;3
0;9900;9900;0;0;0;9900;9900;30;90;20;4;3;0;0;5;5;3;0;0;3;0;0;1;3;0;1;0;0
0;9900;9900;0;0;0;9900;9900;260;50;340;4;4;5;5;10;10;4;0;1;4;1;0;0;4;5;0;0;0
0;9900;9900;0;0;0;9900;9900;310;30;330;3;3;5;5;10;10;3;0;0;3;2;0;1;3;5;1;0;0
50;9900;5000;0;0;0;9900;9900;340;320;320;5;2;5;5;10;15;0;0;0;0;2;2;2;1;5;2;0;0
0;9900;9900;0;0;0;9900;9900;310;30;330;3;3;5;5;10;10;3;0;0;3;2;0;1;3;5;1;0;0
70;9900;5000;0;0;0;9900;9900;340;320;320;5;2;5;5;10;15;0;0;0;0;2;2;2;1;5;2;0;0
0;9900;9900;0;0;0;9900;9900;320;50;10;4;2;5;0;10;5;2;0;0;2;0;0;0;2;5;0;0;0
50;9900;6000;0;1;0;9900;5000;10;350;340;9;5;5;10;5;15;5;0;0;5;2;5;1;5;3;1;0;0
0;9900;9900;0;0;0;9900;9900;250;310;290;12;7;10;10;5;5;2;7;10;2;0;0;6;0;0;6;4;2
0;6000;9900;0;0;0;9900;9900;250;310;290;12;7;10;10;5;5;2;7;10;2;0;0;6;0;0;6;4;2
0;9900;9900;0;0;0;9900;9900;220;240;270;10;5;5;5;5;5;2;4;5;2;0;0;4;0;0;4;3;1
0;9900;9900;0;0;0;9900;9900;220;240;270;10;5;5;5;5;5;2;4;5;2;0;0;4;0;0;4;3;1
0;9900;9900;0;0;0;9900;9900;260;270;310;11;5;5;5;5;10;2;4;5;2;0;0;4;0;0;4;3;0
0;9900;9900;0;0;0;9900;9900;260;270;310;11;5;5;5;5;10;2;4;5;2;0;0;4;0;0;4;3;0
0;9900;9900;0;0;0;9900;9900;240;250;280;13;6;5;5;5;10;1;6;5;1;0;0;6;0;0;6;2;0
50;9900;6000;0;2;0;9900;5000;140;150;160;20;13;30;25;35;35;9;0;0;9;10;14;12;0;0;12;6;22
50;9900;6000;0;2;0;9900;5000;140;150;160;20;13;30;25;35;35;9;0;0;9;10;14;12;0;0;12;6;22
0;9000;9900;0;0;0;9900;9900;230;210;190;10;8;15;20;25;25;6;5;15;6;0;0;4;0;0;4;7;6
0;9000;800;0;0;0;9900;9900;230;210;190;10;8;15;20;25;25;6;5;15;6;0;0;4;0;0;4;7;6
0;9000;600;0;0;0;9900;9900;220;210;200;13;10;20;20;25;25;7;7;19;7;0;0;5;0;0;5;9;11
0;1500;600;0;0;0;9900;6000;220;210;200;13;10;20;20;25;25;7;7;19;7;0;0;5;0;0;5;9;11
0;1500;600;0;0;0;9900;6000;200;190;190;11;7;15;20;25;25;6;4;12;6;0;0;2;0;0;2;7;12
0;2500;500;10;0;0;9900;9900;200;190;190;11;7;15;20;25;25;6;4;12;6;0;0;2;0;0;2;7;12
0;2000;500;0;0;0;9900;9900;200;190;180;12;8;20;20;25;30;6;5;18;6;0;0;4;0;0;4;7;14
20;9900;300;30;0;0;9900;6000;200;190;180;12;8;20;20;25;30;7;4;14;7;0;0;2;0;0;2;8;18
0;9900;200;60;0;0;9900;9900;270;260;230;7;5;15;20;20;20;0;5;9;0;0;0;5;0;9;5;1;0
0;9900;200;60;0;0;9900;9900;270;260;230;7;5;15;20;20;20;0;5;9;0;0;0;5;0;9;5;1;0
0;9900;200;60;0;0;9900;9900;280;270;220;8;5;20;20;20;20;2;5;12;2;0;0;5;1;12;5;0;0
0;9900;200;60;0;0;9900;9900;280;270;220;8;5;20;20;20;20;2;5;12;2;0;0;5;1;12;5;0;0
0;9900;9900;0;0;0;9900;9900;270;200;260;6;4;15;15;10;20;0;4;11;0;0;0;4;0;7;4;1;0
0;9900;400;0;0;0;9900;9900;290;270;260;6;4;15;15;5;20;2;4;7;2;0;0;4;0;11;4;0;0
0;9900;400;0;0;0;9900;9900;290;270;260;6;4;15;15;5;20;2;4;7;2;0;0;4;0;11;4;0;0
0;400;9900;0;0;0;9900;9900;290;270;260;6;4;15;15;5;20;2;4;9;2;0;0;4;0;9;4;0;0
0;9900;9900;30;0;0;9900;9900;290;270;260;7;5;15;15;5;20;1;5;9;1;0;0;5;0;9;5;0;0
0;400;9900;20;0;0;2000;9900;350;340;210;11;7;20;20;10;10;7;0;0;7;0;11;2;7;19;2;0;0
0;400;9900;20;0;0;2000;9900;350;340;210;11;7;20;20;10;10;7;0;0;7;0;11;2;7;19;2;0;0
0;400;9900;20;0;0;2000;800;320;310;210;8;5;10;10;15;15;5;2;0;5;0;2;3;4;10;3;0;0
0;9900;9900;0;0;0;9900;9900;320;310;210;8;5;10;10;15;15;5;2;0;5;0;2;3;4;10;3;0;0
0;9900;9900;0;0;0;9900;9900;320;280;200;9;5;15;15;10;15;4;3;2;4;0;0;4;3;14;4;0;0
0;9900;200;50;0;0;9900;800;320;280;200;9;5;15;15;10;15;4;3;2;4;0;0;4;3;14;4;0;0
50;9900;7000;0;0;0;9900;9900;170;180;200;12;8;25;20;20;20;8;0;13;8;1;0;3;0;0;3;7;24
50;9900;9900;0;0;0;9900;9900;170;180;200;12;8;25;20;20;20;8;0;13;8;1;0;3;0;0;3;7;24
30;9900;9900;0;0;0;9900;9900;170;190;190;19;12;15;15;25;25;12;0;0;12;2;2;5;0;0;5;11;14
30;9900;9900;0;0;0;9900;9900;170;190;190;19;12;15;15;25;25;12;0;0;12;2;2;5;0;0;5;11;14
0;9900;9900;0;0;0;9900;9900;170;190;200;20;12;15;15;25;25;12;0;0;12;2;2;5;0;0;5;11;14
50;9900;9900;0;0;0;9900;9900;180;180;190;11;8;30;30;30;30;8;0;16;8;1;0;3;0;0;3;7;29
0;9900;9900;0;0;0;9900;9900;170;190;200;20;12;15;15;25;25;12;0;0;12;2;2;5;0;0;5;11;14
0;9900;9900;0;0;0;9900;9900;180;180;200;11;8;35;30;30;30;8;0;19;8;1;0;3;0;0;3;7;33
0;9900;9900;0;0;0;9900;9900;180;180;200;11;8;35;30;30;30;8;0;19;8;1;0;3;0;0;3;7;33
50;9900;1200;0;0;0;9900;7000;310;210;200;15;8;10;10;20;35;8;1;0;8;0;0;3;7;10;3;0;0
50;9900;1200;0;0;0;9900;7000;310;210;200;15;8;10;10;20;35;8;1;0;8;0;0;3;7;10;3;0;0
30;1500;9900;0;0;0;9900;9900;260;200;190;15;10;10;5;25;35;10;3;8;10;0;0;5;8;3;5;0;0
0;200;1800;60;0;0;1700;8400;250;270;250;5;3;10;10;15;10;0;3;9;0;0;0;3;0;1;3;1;0
0;200;9900;60;0;0;2000;9900;270;270;270;7;5;10;10;10;10;2;5;6;2;0;0;5;1;6;5;0;0
0;200;9900;60;0;0;2000;9900;270;270;270;7;5;10;10;10;10;2;5;6;2;0;0;5;1;6;5;0;0
0;200;9900;60;0;0;2000;9900;300;290;270;4;3;15;10;10;10;0;3;7;0;0;0;3;0;11;3;1;0
0;200;9900;60;0;0;2000;9900;290;290;280;5;3;10;10;10;10;1;3;5;1;0;0;3;0;7;3;0;0
0;200;9900;60;0;0;2000;9900;290;290;280;5;3;10;10;10;10;1;3;5;1;0;0;3;0;7;3;0;0
0;200;9900;60;0;0;2000;9900;270;290;280;4;3;10;10;10;10;1;3;5;1;0;0;3;0;7;3;0;0
0;200;9900;60;0;0;600;9900;270;290;280;6;4;10;10;10;10;2;4;5;2;0;0;4;0;7;4;0;0
0;1500;9900;0;0;0;9900;9900;260;270;270;17;11;20;25;30;25;4;10;18;4;0;0;11;1;2;11;0;0
0;9900;9900;0;0;0;9900;9900;260;270;250;26;14;20;20;30;25;3;14;18;3;0;0;14;0;2;14;1;0
30;9000;9900;0;0;0;9900;9900;260;270;250;26;14;20;20;30;25;3;14;18;3;0;0;14;0;2;14;1;0
30;9900;9900;0;0;0;9900;9900;260;260;260;22;13;20;25;30;25;5;12;18;5;0;0;13;2;2;13;0;0
30;9900;9900;0;0;0;9900;9900;260;270;250;26;14;20;25;35;25;5;13;18;5;0;0;14;2;2;14;0;0
30;9900;9900;0;0;0;9900;9900;260;260;260;22;13;20;25;30;25;5;12;18;5;0;0;13;2;2;13;0;0
30;9900;9900;0;0;0;9900;9900;260;270;250;26;14;20;25;35;25;5;13;18;5;0;0;14;2;2;14;0;0
50;9900;9900;0;0;0;9900;9900;250;260;250;25;13;20;20;30;30;3;13;20;3;0;0;13;0;0;13;1;1
50;4000;9900;0;0;0;9900;9900;250;260;250;25;13;20;20;30;30;3;13;20;3;0;0;13;0;0;13;1;1
60;9000;9900;0;0;0;9900;9900;250;260;250;26;14;20;25;30;35;1;14;20;1;0;0;14;0;0;14;3;1
0;9900;9900;0;0;0;9900;9900;140;170;160;4;3;10;10;15;10;0;0;0;0;3;3;3;1;0;3;0;8
0;9900;9900;0;0;0;9900;9900;130;170;160;4;3;5;10;10;10;0;0;0;0;3;5;3;1;0;3;0;1
0;9900;9900;0;0;0;9900;9900;130;170;160;4;3;5;10;10;10;0;0;0;0;3;5;3;1;0;3;0;1
0;2000;9900;0;0;0;9900;9900;250;280;230;5;4;10;10;5;20;1;4;9;1;0;0;4;0;1;4;2;0
0;9900;9900;0;0;0;9900;9900;250;280;230;5;4;10;10;5;20;1;4;9;1;0;0;4;0;1;4;2;0
0;9900;600;0;0;0;9900;9900;260;280;230;5;4;15;10;10;25;1;4;14;1;0;0;3;0;2;3;2;0
0;1500;9900;0;0;0;9900;9900;70;150;300;5;3;5;5;5;0;2;0;0;2;2;5;1;3;0;1;0;1
0;2000;700;0;0;0;9900;9900;350;210;270;2;1;5;0;5;5;1;0;0;1;0;1;0;1;5;0;0;0
0;1800;500;0;0;0;9900;9900;350;210;270;4;2;5;0;5;5;2;0;0;2;0;1;0;2;5;0;0;0
0;4000;9900;0;0;0;9900;9900;20;200;260;4;2;5;5;10;5;1;0;0;1;2;5;1;2;0;1;0;0
0;4000;9900;0;0;0;9900;9900;310;220;270;2;1;5;0;5;5;1;1;0;1;0;5;1;0;3;1;1;0
70;9900;9900;0;0;0;9900;9900;190;190;220;17;10;10;10;10;10;6;8;10;6;0;0;6;0;0;6;8;5
50;6000;9900;0;0;0;9900;9900;190;190;220;17;10;10;10;10;10;6;8;10;6;0;0;6;0;0;6;8;5
50;9900;9900;0;0;0;9900;9900;220;210;230;12;7;10;10;10;15;4;6;10;4;0;0;4;0;0;4;6;5
50;9900;9900;0;0;0;9900;9900;220;210;230;12;8;10;10;10;15;5;6;10;5;0;0;5;0;0;5;6;5
50;9900;9900;0;0;0;9900;9900;200;190;220;16;9;10;10;10;10;5;7;9;5;0;0;5;0;0;5;7;7
50;9900;9900;0;0;0;9900;9900;200;190;220;16;9;10;10;10;10;5;7;9;5;0;0;5;0;0;5;7;7
0;9900;9900;0;0;0;9900;9900;290;260;240;4;3;15;10;10;15;2;3;7;2;0;0;3;1;11;3;0;0
0;9900;9900;0;0;0;9900;9900;300;270;240;4;3;15;10;10;15;0;3;5;0;0;0;3;0;13;3;1;0
0;9900;9900;0;0;0;9900;9900;260;250;240;3;3;15;10;10;20;0;3;9;0;0;0;3;0;9;3;1;0
0;9900;9900;0;0;0;9900;9900;270;260;230;4;2;15;15;10;20;1;2;9;1;0;0;2;0;9;2;1;0
0;9900;9900;0;0;0;9900;9900;260;240;230;2;2;10;15;10;20;1;2;8;1;0;0;1;0;3;1;2;0
50;9900;9900;0;1;0;9900;5000;220;230;230;13;8;15;15;20;20;2;8;15;2;0;0;7;0;0;7;4;6
0;9900;9900;0;0;0;9900;9900;270;260;230;4;2;15;15;10;20;1;2;9;1;0;0;2;0;9;2;1;0
0;9900;9900;0;0;0;9900;9900;260;240;230;2;2;10;15;10;20;1;2;8;1;0;0;1;0;3;1;2;0
50;9900;9900;0;1;0;9900;5000;220;230;230;13;8;15;15;20;20;2;8;15;2;0;0;7;0;0;7;4;6
0;8000;9900;0;0;0;9900;9900;260;250;220;3;3;15;15;15;20;2;2;13;2;0;0;1;0;4;1;3;0
0;8000;9900;0;0;0;9900;9900;260;240;240;3;3;15;15;10;20;3;2;14;3;0;0;1;0;2;1;3;0
0;9900;9900;10;0;0;9900;2000;260;250;220;3;3;15;15;15;20;2;2;13;2;0;0;1;0;4;1;3;0
0;9900;9900;10;0;0;9900;2000;260;240;240;3;3;15;15;10;20;3;2;14;3;0;0;1;0;2;1;3;0
0;9900;9900;0;0;0;9900;9900;250;230;230;8;6;15;15;15;20;4;4;15;4;0;0;3;0;0;3;5;3
0;9900;9900;0;0;0;9900;9900;180;180;210;5;3;15;15;15;25;2;0;12;2;2;0;2;0;0;2;2;12
0;9900;9900;0;0;0;9900;9900;180;180;210;5;3;15;15;15;25;2;0;12;2;2;0;2;0;0;2;2;12
0;9900;9900;0;0;0;9900;9900;200;210;230;17;12;15;20;25;20;9;8;13;9;0;0;5;0;0;5;11;10
0;9900;9900;0;0;0;9900;9900;210;200;210;4;4;20;20;20;25;4;2;19;4;0;0;0;0;0;0;4;11
0;9900;9900;0;0;0;9900;9900;190;210;220;19;12;20;20;25;20;10;6;11;10;0;0;4;0;0;4;11;19
0;9900;9900;0;0;0;9900;9900;180;190;200;15;10;20;25;25;25;10;2;11;10;0;0;1;0;0;1;10;19
10;9900;9900;10;0;0;9900;9900;270;270;260;12;7;10;10;10;10;4;6;7;4;0;0;7;2;5;7;0;0
30;9900;9900;10;0;0;9900;9900;260;270;270;14;7;10;10;10;10;3;6;8;3;0;0;7;1;3;7;0;0
0;9900;9900;10;0;0;9900;9900;270;270;260;12;7;10;10;10;10;4;6;7;4;0;0;7;2;5;7;0;0
30;9900;9900;0;0;0;9900;9900;260;270;270;14;7;10;10;10;10;3;6;8;3;0;0;7;1;3;7;0;0
30;9900;9900;0;0;0;9900;9900;250;250;270;19;11;15;15;5;5;0;11;15;0;0;0;11;0;0;11;2;1
0;9900;9900;0;0;0;9900;9900;250;270;240;10;5;5;10;10;10;1;5;5;1;0;0;5;0;0;5;2;1
0;9900;9900;0;0;0;9900;9900;250;270;240;10;5;5;10;10;10;1;5;5;1;0;0;5;0;0;5;2;1
0;9900;9900;0;0;0;9900;9900;260;280;240;10;5;5;5;5;10;1;5;5;1;0;0;5;0;1;5;0;0
30;9900;9900;0;0;0;9900;9900;260;290;250;11;5;5;5;5;10;0;5;5;0;0;0;5;0;1;5;1;0
30;9900;9900;0;0;0;9900;9900;260;300;260;16;9;15;15;10;5;2;9;14;2;0;0;9;0;2;9;0;0
0;9900;9900;0;0;0;9900;9900;260;280;240;10;5;5;5;5;10;1;5;5;1;0;0;5;0;1;5;0;0
20;9900;9900;0;0;0;9900;9900;260;290;250;11;5;5;5;5;10;0;5;5;0;0;0;5;0;1;5;1;0
20;9900;9900;0;0;0;9900;9900;260;300;260;16;9;15;15;10;5;2;9;14;2;0;0;9;0;2;9;0;0
30;2000;9900;0;0;0;9900;9900;230;230;230;14;10;30;30;35;35;3;10;30;3;0;0;8;0;0;8;5;12
50;2000;9900;0;0;0;9900;9900;230;230;230;20;14;30;30;35;35;6;12;30;6;0;0;10;0;0;10;10;12
50;9900;9900;0;0;0;9900;9900;220;210;200;5;4;20;20;25;25;2;4;19;2;0;0;3;0;0;3;3;11
30;9900;9900;0;0;0;9900;9900;220;210;200;5;4;20;20;25;25;2;4;19;2;0;0;3;0;0;3;3;11
40;8000;9900;0;0;0;9900;9900;200;210;210;9;6;15;20;25;25;6;2;13;6;0;0;1;0;0;1;6;10
0;1500;9900;0;0;0;9900;9900;210;200;210;4;3;10;10;10;10;3;1;10;3;0;0;0;0;0;0;3;5
0;1500;9900;0;0;0;9900;9900;230;250;250;4;3;10;10;10;20;3;2;10;3;0;0;1;0;0;1;3;2
0;9900;9900;40;0;0;9900;9900;220;220;250;3;3;10;10;10;10;3;1;10;3;0;0;0;0;0;0;3;2
20;4600;9900;40;0;0;9900;9900;220;220;250;3;3;10;10;10;10;3;1;10;3;0;0;0;0;0;0;3;2
40;4800;9900;0;1;0;9900;9900;200;220;220;8;6;5;10;10;10;4;4;4;4;0;0;3;0;0;3;5;4
0;4000;9900;0;0;0;9900;1500;190;200;180;4;3;10;15;20;25;1;0;10;1;3;0;3;0;0;3;0;5
0;4000;9900;0;0;0;9900;1500;190;200;180;3;3;5;15;15;20;1;0;5;1;3;0;3;0;0;3;0;3
0;9900;9900;0;0;0;9900;1500;200;180;180;5;4;15;15;15;20;2;0;13;2;4;0;4;0;0;4;0;10
0;9900;9900;0;0;0;9900;1500;200;180;180;4;3;10;15;15;20;2;0;9;2;3;0;3;0;0;3;1;7
0;9900;9900;0;0;0;9900;9900;200;180;180;5;4;15;15;15;20;2;0;12;2;3;0;4;0;0;4;1;12
0;9900;9900;0;0;0;9900;9900;190;190;170;3;3;10;10;15;20;1;0;9;1;3;0;3;0;0;3;0;7
0;9900;9900;0;0;0;9900;9900;200;180;180;5;4;15;15;15;20;2;0;12;2;3;0;4;0;0;4;1;12
0;9900;9900;0;0;0;9900;9900;190;190;170;3;3;10;10;15;20;1;0;9;1;3;0;3;0;0;3;0;7
0;9900;9900;0;0;0;9900;9900;200;170;170;5;4;15;15;15;20;2;0;12;2;3;0;4;0;0;4;1;12
0;9900;9900;0;0;0;9900;9900;200;180;170;4;3;15;15;15;20;2;0;12;2;3;0;3;0;0;3;1;12
0;9000;9900;10;0;0;9900;9900;200;170;170;5;4;15;15;15;20;2;0;12;2;3;0;4;0;0;4;1;12
0;9000;9900;10;0;0;9900;9900;200;180;170;4;3;15;15;15;20;2;0;12;2;3;0;3;0;0;3;1;12
0;9900;9900;10;0;0;9900;9900;200;190;170;6;5;15;15;20;25;4;0;13;4;3;0;4;0;0;4;3;10
0;9900;9900;10;0;0;9900;9900;190;190;170;4;3;10;10;20;25;2;0;9;2;2;0;3;0;0;3;1;7
0;6000;9900;10;0;0;8000;1000;280;270;230;4;3;15;15;10;25;1;3;9;1;0;0;3;0;9;3;2;0
0;6000;9900;30;0;0;8000;1000;280;270;230;5;4;15;15;10;25;1;4;11;1;0;0;4;0;7;4;2;0
0;6000;9900;30;0;0;8000;1000;280;270;230;5;3;15;10;5;25;0;3;11;0;0;0;3;0;7;3;1;0
0;1500;9900;10;0;0;9900;1000;280;270;230;4;3;15;15;10;25;1;3;9;1;0;0;3;0;9;3;2;0
0;1500;9900;30;0;0;9900;1000;280;270;230;5;4;15;15;10;25;1;4;11;1;0;0;4;0;7;4;2;0
0;1500;9900;30;0;0;9900;1000;280;270;230;5;3;15;10;5;25;0;3;11;0;0;0;3;0;7;3;1;0
0;1500;9900;0;0;0;8000;1000;280;270;220;5;4;15;15;10;20;1;4;9;1;0;0;4;0;9;4;2;0
0;1500;9900;30;0;0;8000;1000;280;270;230;5;3;15;15;10;20;1;3;9;1;0;0;2;0;9;2;2;0
0;1500;9900;30;0;0;8000;1000;270;270;230;5;4;15;15;10;20;2;4;11;2;0;0;3;0;7;3;3;0
0;1500;9900;0;0;0;9900;1000;280;270;230;5;3;15;15;10;20;1;3;9;1;0;0;2;0;9;2;2;0
0;1500;500;30;0;0;9900;1000;270;270;230;5;4;15;15;10;20;2;4;11;2;0;0;3;0;7;3;3;0
0;1500;500;30;0;0;9900;1000;270;250;230;5;3;15;15;10;15;1;3;13;1;0;0;2;0;4;2;2;0
0;1500;9900;30;0;0;9900;1000;270;240;240;5;3;10;10;10;20;0;3;6;0;0;0;3;0;6;3;1;0
0;9900;300;30;0;0;9900;2000;270;240;240;5;3;10;10;10;20;1;3;6;1;0;0;3;0;6;3;2;0
0;400;9900;0;0;0;9900;9900;290;280;230;7;5;10;10;10;20;0;5;6;0;0;0;5;0;6;5;1;0
0;400;900;10;0;0;9900;9900;290;270;240;5;4;10;10;5;20;1;4;6;1;0;0;3;0;6;3;2;0
0;400;900;20;0;0;9900;9900;280;250;240;4;3;10;10;5;15;1;3;7;1;0;0;2;0;5;2;2;0
0;200;9900;50;0;0;500;900;330;310;320;6;4;10;10;10;10;4;1;0;4;0;4;2;3;10;2;0;0
0;200;9900;60;0;0;500;9900;310;310;300;7;4;10;10;10;15;4;1;0;4;0;0;2;3;10;2;0;0
0;200;9900;60;0;0;500;9900;310;310;300;7;4;10;10;10;15;4;1;0;4;0;0;2;3;10;2;0;0
0;200;9900;60;0;0;500;9900;320;310;300;6;4;10;10;10;15;4;2;0;4;0;2;3;3;10;3;0;0
0;200;9900;60;0;0;500;9900;320;310;300;6;4;10;10;10;15;4;2;0;4;0;2;3;3;10;3;0;0
0;200;9900;60;0;0;500;9900;330;310;290;7;5;15;10;15;10;5;2;0;5;0;3;3;4;15;3;0;0
0;1600;9900;0;0;0;9900;9900;240;250;240;17;11;30;40;35;45;1;11;30;1;0;0;10;0;0;10;4;7
0;1500;9900;0;0;0;8000;9900;250;250;250;14;12;30;40;40;55;1;12;30;1;0;0;12;0;0;12;3;7
0;1500;9900;0;0;0;8000;9900;260;240;240;15;12;30;35;45;70;1;12;29;1;0;0;12;0;0;12;3;2
0;1500;9900;0;0;0;9900;9900;250;250;250;18;12;30;40;40;55;1;12;30;1;0;0;12;0;0;12;3;7
0;1500;9900;0;0;0;9900;9900;260;240;240;17;12;30;35;45;70;1;12;29;1;0;0;12;0;0;12;3;2
0;8000;9900;0;0;0;9900;9900;250;240;250;15;11;30;35;35;60;0;11;30;0;0;0;11;0;0;11;2;7
0;8000;9900;0;0;0;9900;9900;270;240;250;14;10;25;30;45;65;2;10;24;2;0;0;10;0;0;10;1;1
0;2000;9900;0;0;0;9900;9900;250;240;250;15;11;30;35;35;60;0;11;30;0;0;0;11;0;0;11;2;7
0;2000;9900;0;0;0;9900;9900;270;240;250;14;10;25;30;45;65;2;10;24;2;0;0;10;0;0;10;1;1
0;1500;1000;0;0;0;9900;9900;260;250;250;16;11;30;35;40;55;1;11;30;1;0;0;10;0;0;10;4;7
0;1500;9900;0;0;0;9900;9900;270;240;240;17;11;30;35;50;65;0;11;29;0;0;0;11;0;0;11;2;2
0;9900;9900;0;0;0;9900;9900;250;260;250;12;8;30;35;35;50;4;7;30;4;0;0;6;0;0;6;5;7
0;9900;9900;0;0;0;9900;9900;270;240;240;14;10;25;35;45;60;1;10;24;1;0;0;9;0;0;9;4;1
0;9900;9900;0;0;0;9900;9900;250;240;250;12;8;30;40;40;60;5;6;30;5;0;0;5;0;0;5;6;7
0;9900;9900;0;0;0;9900;9900;260;240;250;15;10;25;35;45;60;2;10;24;2;0;0;10;0;0;10;1;1
0;9900;9900;0;0;0;9900;9900;260;240;250;15;10;25;35;45;60;1;10;24;1;0;0;9;0;0;9;4;1
0;9900;9900;0;0;0;9900;9900;320;310;300;11;7;25;25;25;30;6;4;8;6;0;0;6;4;21;6;0;0
0;9900;9900;0;0;0;9900;9900;330;310;310;10;6;20;20;20;35;4;4;3;4;0;0;5;3;18;5;0;0
0;9900;9900;0;0;0;9900;9900;330;310;310;10;6;20;20;20;35;4;4;3;4;0;0;5;3;18;5;0;0
0;9900;9900;0;0;0;9900;9900;320;300;310;12;8;20;20;20;30;7;4;0;7;0;1;5;6;19;5;0;0
20;700;300;30;0;0;9000;5000;30;290;280;12;8;15;15;10;10;5;0;0;5;6;14;5;6;8;5;0;0
0;9900;400;20;0;0;9900;9900;280;280;290;5;4;15;15;25;25;1;4;7;1;0;0;4;0;11;4;0;0
0;9900;300;40;0;0;9900;5000;280;270;290;4;3;10;15;25;20;0;3;8;0;0;0;3;0;3;3;1;0
0;3500;300;40;0;0;9900;3000;290;270;290;4;3;10;10;25;25;1;3;7;1;0;0;3;0;5;3;0;0
0;9900;300;60;0;0;9900;3000;280;270;300;6;4;10;10;25;25;1;4;10;1;0;0;4;0;0;4;0;1
0;9900;300;60;0;0;9900;3000;280;270;300;6;4;10;10;25;25;1;4;10;1;0;0;4;0;0;4;0;1
0;200;9900;70;0;0;3000;500;270;270;280;6;4;10;10;25;25;1;4;10;1;0;0;4;0;0;4;0;1
0;200;9900;60;0;0;3000;500;270;270;280;5;4;10;10;25;25;1;4;10;1;0;0;4;0;0;4;0;1
0;200;9900;50;0;0;3000;9900;270;270;280;6;4;10;10;25;25;1;4;10;1;0;0;4;0;0;4;2;1
0;9900;9900;10;0;0;9900;5000;300;330;360;7;5;15;10;10;20;4;2;0;4;0;3;3;4;15;3;0;0
0;9900;9900;20;0;0;9900;5000;300;310;340;5;4;15;10;15;10;4;2;2;4;0;0;3;3;14;3;0;0
0;9900;9900;10;0;0;9900;3000;300;320;340;5;3;10;10;10;15;3;1;3;3;0;0;2;2;8;2;0;0
0;9900;9900;20;0;0;9900;3000;300;320;340;5;3;10;10;10;15;3;1;3;3;0;0;2;2;8;2;0;0
0;9900;9900;20;0;0;9900;3000;300;320;350;5;3;10;10;15;15;2;2;0;2;0;0;2;2;10;2;0;0
0;4000;9900;30;0;0;9900;600;260;270;320;4;2;10;10;10;15;2;1;8;2;0;0;1;0;3;1;2;0
0;9900;200;30;0;0;9900;500;250;260;340;5;3;15;15;10;10;3;2;15;3;0;0;1;0;0;1;3;1
0;3000;9900;30;0;0;9900;800;250;260;340;5;3;15;15;10;10;3;2;15;3;0;0;1;0;0;1;3;1
0;2000;9900;40;0;0;9900;800;260;270;340;4;3;15;15;10;15;0;3;14;0;0;0;3;0;2;3;1;0
0;600;200;60;0;0;4000;500;260;260;310;5;3;15;15;10;10;0;3;14;0;0;0;3;0;2;3;1;0
0;3000;9900;20;0;0;9900;9900;30;350;350;4;2;5;5;20;10;0;0;0;0;2;5;2;0;1;2;0;0
0;9900;200;60;0;0;9900;400;240;330;340;4;3;5;5;10;10;3;1;4;3;0;0;2;2;1;2;0;0
0;200;900;70;0;0;9900;2000;230;330;340;4;3;5;5;10;10;3;1;2;3;0;0;2;3;4;2;0;0
0;200;900;100;0;0;500;1000;230;330;340;4;3;10;5;10;10;3;1;8;3;0;0;2;3;3;2;0;0
0;400;200;60;0;0;4000;400;290;280;280;7;5;15;15;15;20;1;5;7;1;0;0;5;0;11;5;0;0
0;400;200;60;0;0;4000;400;280;270;280;7;5;15;15;10;20;3;4;9;3;0;0;4;2;9;4;0;0
0;400;200;60;0;0;4000;400;280;270;280;7;5;15;15;10;20;3;4;9;3;0;0;4;2;9;4;0;0
0;500;200;60;0;0;4000;400;280;280;290;10;6;20;20;15;15;5;4;6;5;0;0;5;4;17;5;0;0
0;500;200;60;0;0;4000;400;280;280;290;10;6;20;20;15;15;5;4;6;5;0;0;5;4;17;5;0;0
0;400;200;60;0;0;4000;400;310;290;280;5;4;15;10;10;15;2;4;5;2;0;0;4;0;13;4;0;0
0;4000;600;10;0;0;9900;2000;300;280;290;9;6;20;15;15;15;4;4;6;4;0;0;5;3;17;5;0;0
0;200;500;60;0;0;500;3000;270;280;300;4;2;10;15;15;15;1;2;7;1;0;0;2;1;5;2;0;0
0;9900;1000;0;0;0;9900;9900;140;180;180;5;3;10;15;15;15;0;0;0;0;3;0;3;1;0;3;0;10
0;9900;1000;10;0;0;9900;9900;180;180;170;4;3;10;10;15;15;0;0;0;0;3;0;3;1;0;3;0;10
0;9900;1000;10;0;0;9900;9900;180;180;170;4;3;10;10;15;15;0;0;0;0;3;0;3;1;0;3;0;10
0;9900;1000;10;0;0;9900;5000;170;180;190;4;3;10;15;15;15;0;0;0;0;3;0;3;1;0;3;0;10
0;9900;1000;10;0;0;9900;5000;170;180;190;4;3;10;15;15;15;0;0;0;0;3;0;3;1;0;3;0;10
0;9900;1000;10;0;0;9900;5000;150;190;190;4;3;10;10;20;15;0;0;0;0;3;0;3;1;0;3;0;10
0;9900;1000;10;0;0;9900;5000;150;190;190;4;3;10;10;20;15;0;0;0;0;3;0;3;1;0;3;0;10
0;9900;1000;10;0;0;9900;5000;160;190;190;5;4;15;15;20;20;0;0;1;0;4;0;4;1;0;4;0;15
0;9900;9900;0;0;0;9900;9900;140;120;120;5;4;15;15;15;15;0;0;1;0;4;0;4;1;0;4;0;15
0;9900;9900;0;0;0;9900;2000;130;130;120;7;4;15;15;10;15;0;0;0;0;4;2;4;1;0;4;0;14
0;9900;9900;0;0;0;9900;2000;130;130;120;7;4;15;15;10;15;0;0;0;0;4;2;4;1;0;4;0;14
0;2500;9900;0;0;0;9900;2000;130;120;110;6;4;15;15;10;15;1;0;0;1;4;2;4;2;0;4;0;14
0;1700;9900;0;0;0;9900;9900;10;30;10;12;9;20;20;15;25;7;0;0;7;6;16;4;8;16;4;0;0
0;1600;9900;0;0;0;9900;9900;10;20;10;14;10;20;20;20;20;7;0;0;7;7;14;5;9;18;5;0;0
0;1600;9900;0;0;0;9900;9900;10;20;10;15;11;20;20;20;20;8;0;0;8;7;14;5;10;18;5;0;0
0;1500;9900;0;0;0;9900;9900;10;30;20;14;10;20;20;20;20;7;0;0;7;7;14;5;9;18;5;0;0
0;1700;1300;0;0;0;9900;9900;10;40;20;14;11;20;25;20;20;8;0;0;8;7;11;5;10;19;5;0;0
0;3500;9900;0;0;0;9900;9900;240;270;360;3;3;5;0;5;5;3;0;0;3;2;5;1;3;2;1;0;0
0;9900;9900;0;0;0;9900;9900;260;310;330;3;1;5;15;5;10;0;1;2;0;0;0;1;0;4;1;0;0
0;1500;9900;0;0;0;9900;9900;260;310;330;3;1;5;15;5;10;0;1;2;0;0;0;1;0;4;1;0;0
0;1500;9900;0;0;0;9900;9900;250;280;330;4;2;0;10;5;5;0;0;0;0;2;0;2;1;0;2;0;0
0;1500;9900;0;0;0;9900;9900;250;280;330;4;2;0;10;5;5;0;0;0;0;2;0;2;1;0;2;0;0
0;2500;9900;0;0;0;9900;9900;260;280;330;4;2;5;5;5;5;1;0;0;1;2;0;2;0;0;2;0;5
0;3000;9900;0;0;0;9900;9900;70;60;60;12;8;25;30;25;20;1;0;0;1;8;24;7;3;1;7;0;0
0;2000;9900;0;0;0;9900;9900;60;60;60;11;7;20;25;30;20;2;0;0;2;7;20;6;4;4;6;0;0
0;2000;9900;0;0;0;9900;9900;60;60;70;13;9;25;30;25;20;3;0;0;3;9;25;8;5;6;8;0;0
0;2000;9900;0;0;0;9900;9900;60;60;70;13;9;25;30;25;20;3;0;0;3;9;25;8;5;6;8;0;0
0;4000;9900;0;0;0;9900;9900;60;60;70;15;10;20;25;25;20;3;0;0;3;10;20;8;5;4;8;0;0
0;6000;9900;0;0;0;9900;9900;30;30;20;8;5;15;15;15;15;4;0;0;4;3;13;2;4;10;2;0;0
0;1500;9900;0;0;0;9900;9900;100;110;120;15;10;15;20;10;10;7;0;0;7;7;11;9;0;0;9;5;7
0;1300;9900;0;0;0;9900;9900;90;120;140;13;10;20;20;15;10;4;0;0;4;9;15;10;0;0;10;1;9
0;3000;1300;0;0;0;8000;9900;90;120;140;13;10;20;20;15;10;5;0;0;5;8;15;10;0;0;10;3;9
0;9900;1300;0;0;0;9900;9900;110;130;140;12;8;15;15;5;5;6;0;0;6;5;7;6;0;0;6;5;11
0;2000;1200;0;0;0;9900;9900;110;130;140;12;8;15;15;5;5;2;0;0;2;8;7;8;0;0;8;0;11
0;2000;1200;10;0;0;9900;9900;110;110;150;8;6;15;15;10;10;0;0;0;0;6;11;6;1;0;6;0;7
0;3000;9900;10;0;0;9900;5000;350;330;360;2;2;10;15;15;25;2;0;0;2;0;7;1;2;9;1;0;0
0;3000;9900;10;0;0;9900;5000;350;350;20;6;4;15;20;20;25;4;0;0;4;1;12;0;4;12;0;0;0
0;3000;9900;10;0;0;9900;9900;350;350;20;6;4;15;20;20;25;4;0;0;4;1;12;0;4;12;0;0;0
0;3000;9900;10;0;0;9900;9900;350;350;360;2;2;15;15;20;25;1;0;0;1;2;8;2;1;14;2;0;0
0;3000;9900;30;0;0;9900;5000;350;350;360;2;2;15;15;20;25;1;0;0;1;2;8;2;1;14;2;0;0
0;3000;1000;20;0;0;9900;5000;330;340;360;5;3;10;15;20;20;3;1;0;3;0;4;2;3;10;2;0;0
0;1000;500;10;0;0;9900;9900;330;340;360;5;3;10;15;20;20;3;1;0;3;0;4;2;3;10;2;0;0
0;1200;9900;0;0;3;9900;9000;310;310;310;280;24;16;30;35;30;25;15;5;4;15;0;0;9;13;28;9;0
0;2000;9900;0;0;3;9900;9000;310;310;310;280;27;16;30;35;30;25;15;5;4;15;0;0;9;13;28;9;0
0;1500;9900;0;0;0;9900;9900;340;350;320;12;9;25;25;35;35;9;0;0;9;0;10;2;9;25;2;0;0
0;1500;9900;0;0;0;9900;9900;340;350;320;12;9;25;25;35;35;9;0;0;9;0;10;2;9;25;2;0;0
0;9900;9900;0;0;0;9900;9900;260;290;320;11;8;35;35;30;25;2;8;32;2;0;0;7;0;4;7;4;0
0;600;100;60;0;0;6000;500;260;300;300;10;6;15;15;20;40;3;5;13;3;0;0;6;2;4;6;0;0
0;500;100;60;0;0;4000;500;260;300;300;10;6;15;15;20;40;3;5;13;3;0;0;6;2;4;6;0;0
0;500;100;60;0;0;4000;500;280;320;300;7;4;15;10;20;35;3;3;7;3;0;0;4;2;11;4;0;0
0;500;100;60;0;0;4000;500;290;320;300;8;5;15;15;20;35;3;4;2;3;0;0;4;2;14;4;0;0
0;400;9900;40;0;0;4000;1500;280;320;300;7;4;15;10;20;35;1;4;7;1;0;0;4;0;11;4;0;0
0;400;9900;40;0;0;4000;1500;290;320;300;8;5;15;15;20;35;2;5;2;2;0;0;5;1;14;5;0;0
0;400;9900;40;0;0;5000;2000;280;310;310;5;3;10;10;20;35;1;3;7;1;0;0;3;0;5;3;0;0
0;400;9900;60;0;0;5000;2000;300;320;310;8;5;15;10;15;35;3;4;5;3;0;0;4;2;13;4;0;0
0;300;9900;60;0;0;4000;1200;280;310;310;4;2;10;10;20;35;1;0;7;1;2;0;2;1;5;2;0;0
0;300;9900;60;0;0;4000;1200;300;320;310;6;3;15;10;15;35;2;2;5;2;0;0;3;1;13;3;0;0
0;9900;9900;0;0;0;9900;9900;340;340;320;9;6;20;20;15;20;6;1;0;6;0;8;2;6;20;2;0;0
0;9900;500;0;0;0;9900;9900;40;40;360;7;5;15;15;15;10;4;0;0;4;3;14;1;5;8;1;0;0
0;9900;9900;0;0;0;9900;9900;340;340;320;8;5;20;20;15;20;5;2;0;5;0;8;3;4;20;3;0;0
0;9900;9900;0;0;0;9900;9900;30;30;350;7;5;15;15;15;15;4;0;0;4;3;10;1;5;13;1;0;0
0;9900;9900;0;0;0;9900;9900;30;30;350;7;5;15;15;15;15;4;0;0;4;3;10;1;5;13;1;0;0
0;9900;500;0;0;0;9900;9900;10;350;350;7;5;15;15;15;10;4;0;0;4;3;10;1;5;13;1;0;0
0;9900;500;0;0;0;9900;9900;10;350;350;7;5;15;15;15;10;4;0;0;4;3;10;1;5;13;1;0;0
0;500;400;20;0;0;9900;9900;40;50;340;6;4;15;15;10;10;4;0;0;4;2;14;0;4;8;0;0;0
0;300;9900;60;0;0;4000;1500;320;330;340;5;4;15;15;15;25;4;1;2;4;0;0;2;4;14;2;0;0
0;200;100;70;0;0;3000;700;320;360;350;9;5;25;25;25;20;5;2;0;5;0;1;3;4;24;3;0;0
0;600;300;40;0;0;6000;2000;340;330;330;8;5;15;20;20;25;3;4;2;3;0;0;4;2;14;4;0;0
0;600;300;40;0;0;6000;2000;340;330;330;8;5;15;20;20;25;3;4;2;3;0;0;4;2;14;4;0;0
0;1200;2000;40;0;0;5000;1500;350;330;340;8;5;20;25;25;25;4;3;0;4;0;1;4;3;19;4;0;0
0;600;300;40;0;0;6000;2000;350;330;340;8;5;20;25;25;25;4;2;0;4;0;1;3;4;19;3;0;0
0;600;300;40;0;0;9900;2000;340;10;340;8;5;15;20;25;20;4;3;5;4;0;0;4;3;13;4;0;0
0;600;300;40;0;0;8000;2000;340;10;340;8;5;15;20;25;20;4;3;5;4;0;0;4;3;13;4;0;0
0;300;9900;50;0;0;5000;1500;330;20;350;6;4;15;15;20;15;3;3;2;3;0;0;4;2;14;4;0;0
0;300;9900;20;0;0;5000;9900;310;300;330;8;5;20;20;25;35;3;4;3;3;0;0;5;1;18;5;0;0
0;9900;400;20;0;0;9000;6000;310;300;330;8;5;20;20;25;35;3;4;3;3;0;0;5;1;18;5;0;0
0;9900;400;20;0;0;8000;6000;320;310;330;7;5;15;20;25;25;3;4;0;3;0;1;5;1;15;5;0;0
0;9900;300;40;0;0;6000;4000;330;310;320;10;6;20;20;20;25;5;4;0;5;0;4;5;4;20;5;0;0
0;9900;300;40;0;0;6000;4000;310;320;320;7;5;25;20;20;25;3;4;8;3;0;0;4;2;21;4;0;0
0;9900;9900;0;0;0;6000;3000;310;320;320;7;7;25;20;20;25;5;5;8;5;0;0;6;3;21;6;0;0
0;3000;9900;0;0;0;6000;9900;280;310;330;4;3;15;15;15;25;1;3;11;1;0;0;2;0;7;2;2;0
0;400;9900;30;0;0;900;9900;260;300;320;7;4;15;20;15;25;0;4;14;0;0;0;4;0;2;4;1;0
0;300;300;40;0;0;7000;900;260;300;320;7;4;15;20;15;25;0;4;14;0;0;0;4;0;2;4;1;0
0;300;200;60;0;0;4000;900;260;300;310;6;4;15;15;15;30;1;4;13;1;0;0;3;0;4;3;2;0
0;300;9900;40;0;0;4000;6000;300;270;290;11;8;20;30;40;40;7;4;9;7;0;0;5;6;15;5;0;0
0;100;9900;80;0;0;200;9900;260;300;310;6;4;15;15;15;30;1;4;13;1;0;0;3;0;4;3;2;0
0;100;9900;80;0;0;200;9900;300;270;290;11;8;20;30;40;40;7;4;9;7;0;0;5;6;15;5;0;0
0;100;300;80;0;0;200;3000;280;310;300;7;4;15;15;20;25;2;4;14;2;0;0;3;0;2;3;3;0
0;100;300;80;0;0;200;3000;300;280;280;12;8;20;25;40;40;3;7;12;3;0;0;8;1;12;8;0;0
0;200;100;80;0;0;300;1500;280;310;300;5;2;15;15;20;25;1;1;14;1;0;0;1;0;2;1;2;0
0;200;9900;60;0;0;3000;1000;300;280;280;13;8;20;25;40;40;3;7;12;3;0;0;8;1;12;8;0;0
0;200;100;80;0;0;300;1500;290;310;310;6;3;5;15;15;25;2;2;5;2;0;0;2;0;0;2;2;0
0;200;9900;60;0;0;3000;1000;320;290;290;12;8;20;25;35;40;3;7;15;3;0;0;8;1;9;8;0;0
0;200;9900;60;0;0;3000;1000;320;290;290;13;8;20;25;35;40;3;7;15;3;0;0;8;1;9;8;0;0
0;200;9900;60;0;0;2500;1000;290;290;280;12;8;20;25;35;35;5;6;12;5;0;0;7;4;12;7;0;0
0;200;9900;60;0;0;2500;1000;290;290;280;12;8;20;25;35;35;4;7;12;4;0;0;8;2;12;8;0;0
0;2500;9900;0;0;0;8000;9900;160;220;280;2;2;10;10;10;10;2;1;2;2;0;0;1;1;0;1;0;10
0;1500;1200;0;0;0;3000;9900;150;210;290;4;2;10;10;5;10;2;0;0;2;0;0;1;2;0;1;0;10
0;1500;9900;0;0;0;8000;9900;160;220;280;2;2;10;10;10;10;2;1;2;2;0;0;1;1;0;1;0;10
0;1200;9900;0;0;0;3000;9900;150;210;290;4;2;10;10;5;10;2;0;0;2;0;0;1;2;0;1;0;10
0;1300;900;0;0;0;9900;4000;210;220;250;270;28;19;30;35;35;30;6;18;29;6;0;0;16;0;0;16;10
0;1300;900;0;0;0;9900;4000;210;220;250;270;28;19;30;35;35;35;6;18;29;6;0;0;16;0;0;16;10
0;1300;900;0;0;0;9900;4000;210;220;250;270;29;19;30;35;35;30;6;18;29;6;0;0;16;0;0;16;10
0;1300;900;0;0;0;9900;4000;210;220;250;270;28;19;30;35;35;35;6;18;29;6;0;0;16;0;0;16;10
0;800;1200;0;0;0;4000;1000;220;220;270;28;17;30;35;30;20;8;15;29;8;0;0;12;0;0;12;12;16
0;800;1200;0;0;0;9900;4000;210;220;240;270;29;17;30;35;30;25;5;16;29;5;0;0;14;0;0;14;9
0;800;1200;0;0;0;9900;4000;210;220;250;260;29;17;35;40;30;30;8;15;33;8;0;0;12;0;0;12;12
0;1200;800;0;0;0;4000;1000;210;230;280;24;15;25;30;25;15;7;13;24;7;0;0;11;0;0;11;10;14
0;1200;800;0;0;0;4000;1000;220;220;280;27;16;30;35;25;20;7;14;29;7;0;0;12;0;0;12;11;16
0;1200;800;0;0;0;4000;1000;210;230;280;24;15;25;30;25;15;7;13;24;7;0;0;11;0;0;11;10;14
0;1200;800;0;0;0;4000;1000;220;220;280;27;16;30;35;25;20;7;14;29;7;0;0;12;0;0;12;11;16
0;700;9900;0;0;0;9900;2000;210;220;240;270;29;17;30;35;30;20;8;15;29;8;0;0;12;0;0;12;12
0;700;9900;0;0;0;9900;2000;210;210;240;270;29;18;30;35;30;20;8;16;29;8;0;0;13;0;0;13;12
0;700;9900;0;0;0;9900;3000;210;220;240;270;29;17;30;35;30;20;8;15;29;8;0;0;12;0;0;12;12
0;700;9900;0;0;0;9900;3000;210;210;240;270;29;18;30;35;30;20;8;16;29;8;0;0;13;0;0;13;12
0;9900;9900;0;0;0;9900;9900;180;200;180;27;16;30;40;60;55;15;6;16;15;0;0;2;0;0;2;16;29
0;9900;9900;0;0;0;9900;9900;170;200;190;27;16;30;40;60;55;13;9;16;13;0;0;5;0;0;5;15;29
0;9900;9900;0;0;0;9900;9900;180;200;190;25;16;30;40;60;55;16;3;16;16;0;0;1;0;0;1;16;29
0;9900;9900;0;0;0;9900;9900;180;200;190;26;16;30;40;60;50;16;3;16;16;0;0;1;0;0;1;16;29
0;9900;9900;0;0;0;9900;9900;180;210;190;25;17;30;35;60;50;17;4;16;17;0;0;1;0;0;1;17;29
0;9900;9900;0;0;0;9900;9900;180;200;190;25;16;30;40;60;55;16;3;16;16;0;0;1;0;0;1;16;29
0;9900;9900;0;0;0;9900;9900;180;200;190;26;17;30;40;60;50;17;4;16;17;0;0;1;0;0;1;17;29
0;9900;9900;0;0;0;9900;9900;180;210;190;27;17;30;35;60;50;17;4;16;17;0;0;1;0;0;1;17;29
0;9900;9900;0;0;0;9000;9900;190;210;190;26;17;30;40;60;55;17;4;20;17;0;0;1;0;0;1;17;27
0;9900;9900;0;0;0;9000;9900;180;200;200;27;17;30;35;60;60;17;4;20;17;0;0;1;0;0;1;17;27
0;9900;9900;0;0;0;9000;9900;180;200;200;27;17;30;35;60;60;17;4;20;17;0;0;1;0;0;1;17;27
0;9900;9900;0;0;0;9900;4000;170;170;200;200;26;16;25;30;25;35;15;6;13;15;0;0;2;0;0;2;16
0;9900;9900;0;0;0;9900;9900;190;210;190;26;16;30;40;60;55;15;6;20;15;0;0;2;0;0;2;16;27
0;9900;9900;0;0;0;9900;9900;180;200;200;26;16;30;35;60;60;15;6;20;15;0;0;2;0;0;2;16;27
0;9900;9900;0;0;0;9900;9900;180;200;200;26;16;30;35;60;60;15;6;20;15;0;0;2;0;0;2;16;27
0;9900;9900;0;0;0;9900;9900;190;210;190;26;16;30;35;65;60;16;3;20;16;0;0;1;0;0;1;16;27
0;9900;9900;0;0;0;9900;9900;180;210;190;27;17;30;35;60;60;17;4;20;17;0;0;1;0;0;1;17;27
0;9900;9900;0;0;0;9900;9900;180;200;190;27;17;30;35;60;60;17;4;20;17;0;0;1;0;0;1;17;27
0;9900;9900;0;0;0;9900;9900;180;210;190;29;19;30;35;60;60;18;7;16;18;0;0;2;0;0;2;19;29
0;9900;9900;0;0;0;9900;9900;180;200;190;30;19;30;35;60;60;18;7;16;18;0;0;2;0;0;2;19;29
0;9900;9900;0;0;0;9900;9900;180;200;190;31;19;30;35;60;60;18;7;20;18;0;0;2;0;0;2;19;27
0;9900;9900;0;0;0;9900;9900;180;200;190;32;22;30;35;60;60;20;8;20;20;0;0;3;0;0;3;22;27
0;1800;800;0;0;0;9900;8000;180;180;220;200;29;19;35;30;30;35;19;4;24;19;0;0;1;0;0;1;19
0;600;400;40;0;0;9900;4000;300;290;280;12;9;20;20;25;40;5;8;15;5;0;0;9;3;9;9;0;0
0;600;9900;0;0;0;9900;9900;270;290;280;13;9;20;25;25;35;5;8;17;5;0;0;9;3;6;9;0;0
0;400;200;70;0;0;4000;800;280;280;290;11;7;20;15;25;40;3;6;15;3;0;0;7;1;9;7;0;0
0;400;9900;20;0;0;4000;9900;270;290;280;13;9;20;25;25;35;5;8;15;5;0;0;9;3;9;9;0;0
0;300;200;50;0;0;2000;800;280;280;290;11;7;20;15;25;40;3;6;15;3;0;0;7;1;9;7;0;0
0;600;9900;0;0;0;9900;9900;270;290;280;13;9;20;25;25;35;5;8;15;5;0;0;9;3;9;9;0;0
0;400;200;50;0;0;2000;800;300;270;290;12;8;15;20;25;40;4;7;11;4;0;0;8;2;7;8;0;0
0;600;9900;0;0;0;9900;9900;260;290;280;13;9;20;25;25;35;5;8;17;5;0;0;9;3;6;9;0;0
0;200;100;60;0;0;2000;800;300;290;280;12;8;20;20;25;40;3;7;12;3;0;0;8;1;12;8;0;0
0;600;9900;0;0;0;9900;9900;260;280;280;12;9;20;10;20;30;3;8;18;3;0;0;9;1;2;9;0;0
0;600;9900;0;0;0;9900;9900;260;280;280;12;9;20;10;20;30;3;8;18;3;0;0;9;1;2;9;0;0
0;600;9900;10;0;0;5000;9900;270;280;280;14;9;20;15;20;30;3;8;17;3;0;0;9;1;6;9;0;0
0;9900;300;40;0;0;9900;1500;350;350;360;10;7;10;15;30;35;7;1;0;7;0;2;3;6;10;3;0;0
0;9900;300;40;0;0;9900;1500;340;350;360;8;5;15;15;30;30;5;1;0;5;0;1;2;5;15;2;0;0
0;9900;300;40;0;0;8000;1500;350;350;360;10;7;10;15;30;35;7;1;0;7;0;2;3;6;10;3;0;0
0;9900;300;40;0;0;8000;1500;340;350;360;8;5;15;15;30;30;5;1;0;5;0;1;2;5;15;2;0;0
0;9900;300;50;0;0;9900;1500;360;350;350;9;6;10;15;25;30;6;2;0;6;0;0;3;5;10;3;0;0
0;9900;300;40;0;0;9900;1500;350;340;350;8;5;15;10;25;30;5;1;0;5;0;1;2;5;15;2;0;0
0;300;9900;40;0;0;9900;700;360;350;350;9;6;10;15;25;30;6;2;0;6;0;0;3;5;10;3;0;0
0;300;9900;40;0;0;9900;700;350;340;350;8;5;15;10;25;30;5;1;0;5;0;1;2;5;15;2;0;0
0;300;9900;40;0;0;9900;700;350;360;360;9;6;10;15;25;30;6;1;3;6;0;0;2;6;8;2;0;0
0;300;9900;40;0;0;9900;700;350;350;360;8;5;10;15;25;30;5;1;1;5;0;0;2;5;9;2;0;0
0;9900;9900;40;0;0;9900;1000;350;360;360;9;6;10;15;25;30;6;2;3;6;0;0;3;5;8;3;0;0
0;9900;9900;40;0;0;9900;1000;350;350;360;8;5;10;15;25;30;5;2;1;5;0;0;3;4;9;3;0;0
0;9900;200;70;0;0;8000;3000;330;10;350;8;5;15;10;20;30;5;0;2;5;0;0;1;5;14;1;0;0
0;9900;200;70;0;0;8000;3000;310;360;360;6;4;15;10;20;30;4;0;0;4;0;3;1;4;15;1;0;0
0;200;100;100;0;0;8000;2000;330;10;350;8;5;15;10;20;30;5;2;0;5;0;1;3;4;15;3;0;0
0;200;100;80;0;0;8000;2000;310;360;360;6;4;15;10;20;30;4;1;0;4;0;3;2;4;15;2;0;0
0;200;900;50;0;0;3000;9900;260;240;240;6;4;25;20;15;20;2;4;21;2;0;0;4;0;7;4;0;0
0;200;500;60;0;0;500;4000;240;270;240;3;3;15;15;10;15;0;3;14;0;0;0;3;0;2;3;1;0
0;9900;200;60;0;0;9000;100;220;260;240;5;4;20;15;10;15;2;4;18;2;0;0;4;0;2;4;0;0
0;200;9900;90;0;0;200;5000;250;250;230;5;4;20;20;10;15;1;4;18;1;0;0;3;0;2;3;2;0
0;400;9900;20;0;0;4000;9900;250;220;240;11;8;15;25;25;20;0;8;15;0;0;0;8;0;0;8;2;1
0;400;9900;20;0;0;4000;9900;240;220;240;12;7;15;25;25;20;1;7;15;1;0;0;6;0;0;6;3;1
0;200;500;30;0;0;3000;6000;240;230;250;10;8;15;20;15;20;1;8;15;1;0;0;7;0;0;7;3;1
0;200;500;20;0;0;3000;6000;240;240;240;12;7;15;25;20;20;2;7;15;2;0;0;6;0;0;6;4;1
0;200;500;30;0;0;5000;8000;240;240;250;12;8;20;20;20;20;1;8;20;1;0;0;7;0;0;7;3;1
0;200;500;20;0;0;5000;8000;240;240;250;12;8;20;20;20;15;1;8;20;1;0;0;7;0;0;7;3;1
0;200;500;50;0;0;5000;8000;240;240;250;12;8;20;20;20;20;0;8;20;0;0;0;8;0;0;8;2;1
0;200;500;50;0;0;5000;8000;240;240;250;12;8;20;20;20;15;0;8;20;0;0;0;8;0;0;8;2;1
0;300;500;40;0;0;4000;7000;240;240;250;11;8;20;25;25;20;1;8;20;1;0;0;7;0;0;7;3;1
0;300;500;40;0;0;4000;7000;240;240;250;11;8;20;25;25;20;1;8;20;1;0;0;7;0;0;7;3;4
0;200;9900;60;0;0;1200;9900;240;240;250;11;8;20;25;25;20;1;8;20;1;0;0;7;0;0;7;3;1
0;200;9900;60;0;0;1200;9900;240;240;250;11;8;20;25;25;20;1;8;20;1;0;0;7;0;0;7;3;4
0;200;9900;60;0;0;2000;5000;250;230;240;12;10;15;20;20;20;1;10;15;1;0;0;9;0;0;9;4;3
0;200;9900;60;0;0;2000;5000;250;230;240;12;10;15;20;20;20;3;10;15;3;0;0;8;0;0;8;5;3
0;600;1300;0;0;0;8000;9900;290;290;280;11;7;20;20;25;30;5;5;9;5;0;0;6;3;15;6;0;0
0;600;1300;0;0;0;8000;9900;310;290;310;10;6;20;20;20;25;4;4;9;4;0;0;5;3;15;5;0;0
0;600;1300;0;0;0;8000;9900;310;290;310;10;6;20;20;20;25;4;4;9;4;0;0;5;3;15;5;0;0
0;500;1300;0;0;0;8000;9900;300;310;310;11;7;20;25;20;30;6;4;9;6;0;0;6;4;15;6;0;0
0;900;9900;0;0;0;9900;9900;290;300;300;12;8;20;20;20;30;4;7;12;4;0;0;8;2;12;8;0;0
0;900;9900;0;0;0;9900;9900;290;290;300;14;8;20;25;20;30;4;7;15;4;0;0;8;2;9;8;0;0
0;1100;1500;0;0;0;6000;9900;250;20;350;4;2;5;0;15;5;2;1;4;2;0;0;1;0;0;1;2;3
0;600;1200;0;0;0;8000;4000;250;20;350;4;2;5;0;15;5;2;1;4;2;0;0;1;0;0;1;2;3
0;600;1200;0;0;0;8000;4000;330;20;330;4;2;5;0;15;5;2;1;4;2;0;0;0;0;0;0;2;4
0;2000;600;0;0;0;8000;4000;160;10;310;7;4;5;5;10;10;3;3;5;3;0;0;2;0;0;2;4;3
0;2000;600;0;0;0;8000;4000;150;10;310;6;4;5;5;10;10;3;3;5;3;0;0;2;0;0;2;4;3
0;1500;600;0;0;0;8000;4000;160;10;310;7;4;5;5;10;10;3;3;5;3;0;0;2;0;0;2;4;3
0;1500;600;0;0;0;8000;4000;150;10;310;6;4;5;5;10;10;3;3;5;3;0;0;2;0;0;2;4;3
0;1500;600;0;0;0;8000;4000;200;350;280;6;4;5;5;10;5;2;3;5;2;0;0;2;0;0;2;3;3
0;1500;600;0;0;0;8000;4000;180;360;290;5;3;5;5;10;10;3;1;4;3;0;0;0;0;0;0;3;3
0;1500;600;0;0;0;8000;4000;200;350;280;6;4;5;5;10;5;2;3;5;2;0;0;2;0;0;2;3;3
0;1500;600;0;0;0;8000;4000;180;360;290;5;3;5;5;10;10;3;1;4;3;0;0;0;0;0;0;3;3
0;1500;400;20;0;0;8000;4000;200;340;330;10;6;5;5;5;5;4;5;4;4;0;0;4;0;0;4;5;3
0;1500;400;20;0;0;8000;4000;190;340;330;10;6;5;5;5;5;4;4;4;4;0;0;3;0;0;3;5;3
0;1500;400;20;0;0;8000;2500;200;340;330;6;4;5;5;5;5;2;3;4;2;0;0;2;0;0;2;3;3
0;1500;400;20;0;0;8000;2500;190;340;330;6;4;5;5;5;5;3;3;4;3;0;0;2;0;0;2;4;3
0;1500;400;10;0;0;8000;2500;220;340;310;8;5;10;10;5;10;2;4;10;2;0;0;4;0;0;4;3;4
0;200;100;60;0;0;2000;700;290;300;300;4;3;15;15;25;30;1;3;11;1;0;0;3;0;7;3;0;0
0;200;100;60;0;0;2000;700;300;300;310;4;4;15;15;25;30;1;4;9;1;0;0;4;0;9;4;0;0
0;200;100;60;0;0;2000;700;300;300;310;7;5;15;15;25;30;1;5;9;1;0;0;5;0;9;5;0;0
0;200;9900;60;0;0;2000;9900;270;290;310;6;4;10;20;25;30;3;2;6;3;0;0;3;2;6;3;0;0
0;600;9900;30;0;0;9900;9900;270;290;310;9;6;10;20;25;30;1;6;6;1;0;0;6;0;6;6;0;0
0;300;9900;40;0;0;3000;9900;270;270;270;9;6;15;25;25;25;1;6;13;1;0;0;6;0;4;6;0;0
0;300;9900;40;0;0;3000;9900;270;270;270;8;5;15;25;25;20;0;5;14;0;0;0;5;0;2;5;1;0
0;300;9900;40;0;0;3000;9900;270;260;260;10;6;15;25;20;20;2;6;13;2;0;0;6;1;4;6;0;0
0;300;9900;40;0;0;3000;500;270;260;260;10;6;15;25;20;20;2;6;13;2;0;0;6;1;4;6;0;0
0;300;9900;40;0;0;3000;500;290;270;270;10;6;15;20;25;25;1;6;14;1;0;0;6;0;2;6;0;0
0;300;100;70;0;0;3000;500;290;270;270;8;5;15;20;20;20;2;5;13;2;0;0;5;1;4;5;0;0
0;2000;9900;0;0;0;9900;9900;10;20;310;10;7;15;15;20;20;6;0;0;6;3;12;1;7;12;1;0;0
0;9900;9900;0;0;0;9900;9900;50;20;280;10;6;15;10;10;30;2;0;0;2;6;15;5;3;6;5;0;0
0;5000;9900;0;0;0;9900;9900;50;20;280;10;6;15;10;10;30;2;0;0;2;6;15;5;3;6;5;0;0
0;5000;9900;0;0;0;9900;9900;50;20;280;13;9;20;20;15;25;3;0;0;3;9;20;8;5;8;8;0;0
0;2500;9900;0;0;0;9900;9900;50;30;290;12;8;15;15;15;15;1;0;0;1;8;15;7;3;3;7;0;0
0;2500;9900;0;0;0;9900;9900;50;30;290;12;8;15;15;15;15;1;0;0;1;8;15;7;3;3;7;0;0
0;9900;9900;0;0;0;9900;9900;260;260;320;4;2;5;10;5;10;1;0;1;1;1;0;1;2;0;1;0;5
0;9900;9900;0;0;0;9900;9900;250;270;300;4;2;5;5;5;10;2;0;0;2;0;1;1;2;0;1;0;5
0;300;100;60;0;0;2000;1200;230;220;230;18;12;25;30;30;20;7;10;24;7;0;0;7;0;0;7;10;14
0;300;100;60;0;0;2000;1200;230;220;230;18;12;25;30;30;20;6;11;24;6;0;0;9;0;0;9;8;14
0;4000;9900;0;0;0;9900;9900;290;290;300;11;7;25;20;25;35;4;6;12;4;0;0;7;2;18;7;0;0
0;7000;9900;0;0;0;9900;9900;290;270;300;8;6;25;20;25;30;3;5;15;3;0;0;6;2;15;6;0;0
0;7000;9900;0;0;0;9900;9900;290;270;300;8;6;25;20;25;30;3;5;15;3;0;0;6;2;15;6;0;0
0;9900;9900;0;0;0;9900;9900;290;290;290;6;5;20;20;30;30;2;5;6;2;0;0;5;1;17;5;0;0
0;9900;9900;0;0;0;9900;9900;290;290;290;6;5;20;20;30;30;2;5;6;2;0;0;5;1;17;5;0;0
0;3500;9900;0;0;0;9900;9900;290;290;290;8;5;20;20;25;30;2;5;9;2;0;0;5;1;15;5;0;0
0;9900;9900;0;0;0;9900;9900;290;290;290;8;5;20;20;25;30;2;5;9;2;0;0;5;1;15;5;0;0
0;9900;9900;0;0;0;9900;9900;300;280;290;7;4;25;20;30;30;1;4;12;1;0;0;4;0;18;4;0;0
0;200;9900;70;0;0;2000;9900;220;220;220;11;8;25;20;30;20;8;2;24;8;0;0;0;0;0;0;8;14
0;9900;9900;0;0;0;9900;9900;70;80;80;20;14;20;25;35;30;1;0;0;1;14;18;14;3;0;14;0;2
0;9900;9900;0;0;0;9900;9900;90;100;130;25;15;30;45;55;25;1;0;0;1;15;28;15;3;0;15;0;4
0;9900;9900;0;0;0;9900;9900;70;90;80;19;13;20;25;30;30;1;0;0;1;13;18;13;3;0;13;0;2
0;9900;9900;0;0;0;9900;9900;90;110;130;25;15;35;50;55;30;1;0;0;1;15;32;15;3;0;15;0;4
0;9900;9900;0;0;0;4000;9900;90;100;130;28;18;35;40;50;30;7;0;0;7;17;26;18;0;0;18;2;16
0;9900;9900;0;0;0;9900;9900;90;110;130;27;17;35;50;55;30;1;0;0;1;17;32;17;4;0;17;0;4
0;9900;9900;0;0;0;4000;9900;90;100;130;30;19;35;40;50;30;10;0;0;10;16;26;18;0;0;18;6;16
0;9900;9900;0;0;0;9900;9900;90;110;130;28;17;35;45;60;35;4;0;0;4;17;30;17;1;0;17;0;10
0;9900;9900;0;0;0;9900;4000;90;90;110;140;29;18;35;40;45;30;7;0;0;7;17;26;18;0;0;18;2
0;9900;9900;0;0;0;9900;9900;90;110;130;27;16;35;45;60;35;6;0;0;6;15;30;16;0;0;16;2;10
0;9900;9900;0;0;0;9900;4000;90;90;110;140;28;17;35;40;45;30;11;0;0;11;13;26;15;0;0;15;8
0;9900;9900;0;0;0;9900;9900;90;110;130;25;15;35;45;60;35;3;0;0;3;15;32;15;1;0;15;0;4
0;9900;1400;0;0;0;9900;4000;90;90;110;150;30;18;35;40;45;25;12;0;0;12;13;26;16;0;0;16;8
0;9900;9900;0;0;0;9900;9900;90;110;130;26;18;35;45;60;35;4;0;0;4;18;32;18;1;0;18;0;4
0;9900;1400;0;0;0;9900;4000;90;90;110;150;30;18;35;40;45;25;12;0;0;12;13;26;16;0;0;16;8
0;9900;9900;0;0;0;9900;9900;90;110;130;27;17;35;45;60;35;1;0;0;1;17;30;17;4;0;17;0;10
0;9900;1400;0;0;0;9900;4000;90;90;110;150;29;19;30;40;45;30;13;0;0;13;14;22;17;0;0;17;9
0;6700;1400;0;0;0;9900;4000;90;90;110;150;29;17;30;40;45;30;11;0;0;11;13;22;15;0;0;15;8
0;2000;9900;0;0;0;9900;9900;230;230;240;12;9;20;25;20;30;3;9;20;3;0;0;8;0;0;8;5;4
0;2000;9900;0;0;0;9900;9900;220;240;240;14;10;20;25;20;25;3;10;20;3;0;0;8;0;0;8;5;8
0;2000;9900;0;0;0;9900;9900;220;240;240;14;10;20;25;20;25;3;10;20;3;0;0;8;0;0;8;5;8
0;1500;9900;0;0;0;9900;9900;230;240;240;14;10;20;25;30;25;3;10;20;3;0;0;8;0;0;8;5;8
0;1600;9900;0;0;0;9900;9900;230;240;240;14;10;20;25;30;25;3;10;20;3;0;0;8;0;0;8;5;8
0;3800;9900;0;0;0;9900;9900;230;240;250;15;10;20;25;25;25;3;10;20;3;0;0;8;0;0;8;5;8
0;1500;9900;0;0;0;9900;9900;230;240;250;15;10;20;25;25;25;3;10;20;3;0;0;8;0;0;8;5;8
0;3000;9900;0;0;0;9900;9900;230;240;240;15;10;20;25;30;25;5;9;20;5;0;0;7;0;0;7;7;8
0;9900;9900;0;0;0;9900;9900;290;290;310;6;4;15;20;10;20;0;4;5;0;0;0;4;0;13;4;1;0
0;9900;9900;0;0;0;9900;9900;290;290;310;6;4;15;20;10;20;0;4;5;0;0;0;4;0;13;4;1;0
0;9900;9900;20;0;0;9900;9900;280;310;300;8;5;20;20;10;15;1;5;6;1;0;0;5;0;17;5;2;0
0;500;9900;0;0;0;9900;9900;290;290;290;10;7;15;15;10;15;2;7;13;2;0;0;7;0;4;7;0;0
0;4000;9900;40;0;0;9900;9900;290;290;290;10;7;15;15;10;15;2;7;13;2;0;0;7;0;4;7;0;0
0;500;300;40;0;0;9900;9900;300;290;280;10;7;15;15;10;15;1;7;14;1;0;0;6;0;2;6;3;0
0;500;300;40;0;0;9900;9900;290;290;280;13;9;15;15;10;15;1;9;13;1;0;0;8;0;4;8;4;0
0;9900;9900;0;0;0;9900;9900;220;230;250;26;16;35;50;45;40;10;13;31;10;0;0;10;0;0;10;13;24
0;400;700;10;0;1;9900;9900;200;200;210;230;240;26;17;35;45;40;50;8;15;31;8;0;0;12;0;0;12
0;9900;9900;0;0;0;9900;9900;200;220;230;240;27;16;35;55;45;40;10;13;31;10;0;0;10;0;0;10;13
0;400;400;20;0;5;9900;9900;200;210;220;250;230;27;17;35;45;40;50;8;15;33;8;0;0;12;0;0;12
0;800;9900;0;0;0;9900;2000;200;220;230;240;27;16;35;55;45;40;10;13;31;10;0;0;10;0;0;10;13
0;400;9900;20;0;5;9900;9900;210;210;220;250;230;27;17;35;45;40;50;5;16;33;5;0;0;14;0;0;14
0;800;9900;0;0;0;2000;9900;220;220;240;26;16;35;55;45;40;10;13;33;10;0;0;10;0;0;10;13;19
0;400;9900;20;0;9;9900;9900;210;210;220;240;240;28;17;35;50;45;55;5;16;33;5;0;0;14;0;0;14
0;800;9900;0;0;0;2000;9900;220;220;240;26;16;35;55;45;40;10;13;33;10;0;0;10;0;0;10;13;19
0;400;9900;30;0;9;9900;9900;200;210;220;240;240;28;17;35;50;45;55;8;15;33;8;0;0;12;0;0;12
0;800;9900;0;0;0;2000;9900;220;220;250;25;15;35;50;45;45;11;10;31;11;0;0;7;0;0;7;13;24
0;400;9900;30;0;8;9900;9900;200;210;220;240;240;26;16;35;45;40;50;7;14;33;7;0;0;12;0;0;12
0;800;9900;0;0;0;2000;9900;220;220;250;25;15;35;50;45;45;11;10;31;11;0;0;7;0;0;7;13;24
0;400;9900;30;0;8;9900;9900;190;210;220;240;240;26;16;35;45;40;50;10;13;33;10;0;0;10;0;0;10
0;1000;9900;10;0;0;8000;9900;170;170;180;16;11;25;30;25;20;11;2;10;11;0;0;1;0;0;1;11;25
0;1000;9900;10;0;0;8000;9900;170;160;180;18;12;25;30;30;25;12;1;10;12;0;0;3;0;0;3;12;25
0;1000;9900;20;0;0;8000;9900;170;170;200;15;10;25;30;30;20;10;0;10;10;0;0;2;0;0;2;10;25
0;1000;9900;10;0;0;8000;9900;180;170;190;16;11;25;30;30;20;11;0;13;11;0;0;2;0;0;2;11;24
0;1000;9900;10;0;0;8000;9900;170;170;200;15;10;25;30;30;20;10;0;10;10;0;0;2;0;0;2;10;25
0;1000;9900;10;0;0;8000;9900;180;170;190;16;11;25;30;30;20;11;0;13;11;0;0;2;0;0;2;11;24
0;9900;9900;10;0;0;8000;9900;170;170;190;16;11;25;30;30;20;11;0;10;11;0;0;2;0;0;2;11;25
0;9900;9900;10;0;0;8000;9900;170;170;190;17;12;30;30;30;25;12;1;11;12;0;0;3;0;0;3;12;30
0;9900;9900;10;0;0;8000;9900;170;170;190;15;11;25;30;30;20;11;0;10;11;0;0;2;0;0;2;11;25
0;9900;9900;0;0;0;8000;9900;170;170;190;17;12;30;30;30;25;12;1;11;12;0;0;3;0;0;3;12;30
0;400;9900;40;0;0;9900;3000;160;170;190;16;11;25;25;25;15;10;0;5;10;3;0;6;0;0;6;9;25
0;500;4000;20;0;0;9900;9900;160;170;180;17;12;25;30;30;20;11;0;10;11;4;0;7;0;0;7;10;25
0;1500;9900;20;0;0;9900;9900;280;320;300;7;4;10;15;20;20;2;3;6;2;0;0;4;1;6;4;0;0
0;1500;9900;20;0;0;9900;9900;270;300;320;7;4;15;20;20;25;2;4;11;2;0;0;4;0;7;4;0;0
0;2000;9900;20;0;0;9900;9900;290;310;310;6;3;15;15;20;20;2;2;7;2;0;0;2;2;11;2;0;0
0;2000;9900;20;0;0;9900;9900;270;300;330;6;3;15;15;20;25;1;3;11;1;0;0;3;0;7;3;0;0
0;2500;9900;0;0;0;9900;9900;290;310;310;7;5;15;15;20;20;4;2;7;4;0;0;3;4;11;3;0;0
0;2500;9900;0;0;0;9900;9900;270;300;330;6;4;15;15;20;25;2;3;11;2;0;0;4;1;7;4;0;0
0;9900;9900;0;0;0;9900;9900;290;320;320;6;4;10;15;20;20;4;1;3;4;0;0;2;3;8;2;0;0
0;9900;9900;0;0;0;9900;9900;270;320;340;5;4;15;15;20;25;3;2;9;3;0;0;3;2;9;3;0;0
0;9900;9900;0;0;0;9900;9900;290;320;330;8;6;10;10;20;25;2;6;3;2;0;0;6;1;8;6;0;0
0;9900;9900;0;0;0;9900;9900;280;310;340;8;6;15;15;20;25;2;6;11;2;0;0;6;1;7;6;0;0
0;9900;9900;0;0;0;9900;9900;330;340;340;16;11;30;35;40;60;11;0;0;11;0;6;2;11;30;2;0;0
0;2000;9900;0;0;0;9900;9900;330;340;340;16;11;30;35;40;60;11;0;0;11;0;6;2;11;30;2;0;0
0;9900;9900;0;0;0;9900;9900;330;340;340;19;11;30;40;40;65;11;0;0;11;0;6;2;11;30;2;0;0
0;9900;9900;0;0;0;9900;9900;330;340;340;19;12;30;40;40;65;12;2;0;12;0;6;5;11;30;5;0;0
0;9900;9900;0;0;0;9900;9900;340;340;340;18;12;30;40;40;65;12;2;0;12;0;6;5;11;30;5;0;0
0;600;400;10;0;0;9900;9900;250;250;280;12;8;20;20;25;40;1;8;15;1;0;0;7;0;9;7;3;0
0;600;9900;40;0;0;9900;9900;250;260;270;12;8;20;20;30;45;1;8;15;1;0;0;7;0;9;7;3;0
0;600;400;40;0;0;9900;4000;250;260;270;12;8;20;20;30;45;1;8;15;1;0;0;7;0;9;7;3;0
0;600;400;20;0;0;9900;4000;250;250;280;13;8;20;20;30;40;2;8;12;2;0;0;7;0;12;7;4;0
0;600;400;20;0;0;9900;4000;260;270;280;12;8;20;20;30;40;1;8;15;1;0;0;7;0;9;7;3;0
0;300;9900;60;0;0;9900;3000;260;270;280;12;9;20;20;30;40;4;8;17;4;0;0;7;0;6;7;6;0
0;300;9900;50;0;0;9900;4000;260;260;280;10;8;20;20;25;40;4;7;15;4;0;0;6;0;9;6;5;0
0;9900;9900;0;0;0;9900;9900;220;260;260;5;4;20;15;10;10;3;2;20;3;0;0;1;0;0;1;4;8
0;9900;9900;0;0;0;9900;9900;220;250;270;6;5;20;20;10;10;3;4;20;3;0;0;3;0;0;3;4;8
0;9900;9900;0;0;0;9900;9900;230;240;260;5;4;15;20;15;10;3;2;15;3;0;0;1;0;0;1;4;6
0;9900;9900;0;0;0;9900;9900;230;240;260;7;5;15;20;15;10;4;3;15;4;0;0;1;0;0;1;5;6
70;9900;9900;0;0;0;9900;9900;280;290;280;12;9;15;15;20;40;5;8;11;5;0;0;9;3;7;9;0;0
70;9900;9900;0;0;0;9900;9900;290;290;290;17;11;20;25;30;25;9;7;12;9;0;0;9;7;12;9;0;0
70;9900;9900;0;0;0;9900;9900;290;290;290;17;11;20;25;30;25;6;9;12;6;0;0;11;3;12;11;0;0
0;2000;9900;0;0;0;9900;9900;290;300;290;13;9;20;25;30;35;5;8;12;5;0;0;9;3;12;9;0;0
0;2000;9900;0;0;0;9900;9900;290;300;290;14;10;20;25;30;35;7;7;12;7;0;0;9;5;12;9;0;0
30;500;900;10;0;0;9900;9900;270;270;270;12;8;15;20;20;25;4;7;13;4;0;0;8;2;4;8;0;0
0;4000;9900;0;0;0;9900;9900;340;350;340;11;8;20;25;15;10;8;0;0;8;0;8;2;8;20;2;0;0
0;1500;9900;0;0;0;9900;9900;340;340;330;12;9;20;30;20;15;9;0;0;9;0;4;2;9;20;2;0;0
70;7000;9900;0;0;0;9900;9900;360;350;330;12;9;25;30;20;15;9;0;0;9;2;10;0;9;25;0;0;0
0;7000;9900;0;0;0;9900;9900;360;350;330;12;9;25;30;20;15;9;0;0;9;2;10;0;9;25;0;0;0
0;4000;9900;0;0;0;9900;9900;350;340;330;14;11;25;30;15;10;11;1;0;11;0;10;4;10;25;4;0;0
10;1500;1100;0;0;0;9900;7000;350;330;340;13;10;25;25;20;10;10;1;0;10;0;5;4;9;25;4;0;0
0;9900;9900;0;0;0;9900;9900;310;290;310;6;4;15;15;10;10;2;3;5;2;0;0;4;1;13;4;0;0
0;4000;9900;0;0;0;9900;9900;300;300;310;6;4;15;10;15;10;3;3;5;3;0;0;4;2;13;4;0;0
0;5000;9900;0;0;0;9900;9900;300;300;310;6;4;15;10;15;10;3;3;5;3;0;0;4;2;13;4;0;0
0;9900;9900;0;0;0;9900;9900;290;250;210;3;3;10;5;5;5;2;2;1;2;0;0;2;2;9;2;0;0
0;9900;9900;0;0;0;9900;9900;140;160;150;13;9;30;25;25;20;6;0;0;6;7;4;8;0;0;8;4;28
0;9900;9900;0;0;0;9900;9900;150;160;160;17;11;25;25;25;20;9;0;1;9;7;0;9;0;0;9;7;24
0;9900;9900;0;0;0;9900;9900;150;160;160;16;11;25;25;25;20;9;0;1;9;7;0;9;0;0;9;7;24
0;9900;9900;0;0;0;9900;9900;150;160;160;13;10;30;25;25;20;10;0;1;10;3;0;5;0;0;5;8;29
0;9900;9900;0;0;0;9900;9900;150;160;160;13;10;30;25;25;20;10;0;1;10;3;0;5;0;0;5;8;29
0;9900;9900;0;0;0;9900;9900;150;160;150;14;10;30;30;30;25;10;0;1;10;3;0;5;0;0;5;8;29
20;600;9900;0;0;0;9900;9900;190;190;200;17;12;15;20;20;30;12;3;3;12;0;0;1;0;0;1;12;15
0;1200;9900;0;0;0;4000;9900;150;160;150;14;10;30;30;30;25;10;0;1;10;3;0;5;0;0;5;8;29
0;600;9900;0;0;0;9900;9900;190;190;200;17;12;15;20;20;30;12;3;3;12;0;0;1;0;0;1;12;15
0;9900;9900;0;0;0;2500;9900;150;160;150;13;9;30;25;25;25;8;0;1;8;4;0;6;0;0;6;7;29
0;1000;9900;0;0;0;9900;9900;200;200;220;17;12;20;20;25;35;9;8;11;9;0;0;5;0;0;5;11;19
0;5000;9900;0;0;0;9900;9900;200;200;220;19;13;20;20;25;35;12;5;11;12;0;0;2;0;0;2;13;19
0;300;9900;20;0;0;6000;9900;280;270;270;3;2;15;10;10;15;2;1;11;2;0;0;2;1;7;2;0;0
0;300;9900;30;0;0;6000;9900;270;270;270;3;1;10;10;10;15;1;0;7;1;0;0;0;1;5;0;0;0
0;300;9900;40;0;0;6000;9900;270;260;250;4;2;10;10;10;15;1;2;7;1;0;0;2;0;5;2;0;0
0;300;9900;40;0;0;6000;9900;260;270;260;4;3;10;10;10;15;2;2;8;2;0;0;2;0;3;2;2;0
0;300;9900;20;0;0;6000;9900;270;260;250;4;2;10;10;10;15;1;2;7;1;0;0;2;0;5;2;0;0
0;300;9900;30;0;0;6000;9900;260;270;260;4;3;10;10;10;15;2;2;8;2;0;0;2;0;3;2;2;0
0;300;9900;40;0;0;6000;9900;280;270;260;3;2;10;10;10;15;1;1;5;1;0;0;2;1;7;2;0;0
0;300;9900;40;0;0;6000;9900;280;270;260;4;3;5;5;10;20;3;1;2;3;0;0;2;3;4;2;0;0
0;9900;300;40;0;0;9900;6000;270;260;260;3;3;10;10;15;15;1;3;5;1;0;0;3;0;7;3;0;0
0;9900;300;40;0;0;9900;6000;270;260;260;3;3;5;10;10;20;1;3;2;1;0;0;3;0;4;3;2;0
0;9900;300;40;0;0;9900;6000;270;260;260;3;3;10;10;15;15;1;3;5;1;0;0;3;0;7;3;0;0
0;9900;300;40;0;0;9900;6000;270;260;260;3;3;5;10;10;20;1;3;2;1;0;0;3;0;4;3;2;0
0;200;100;80;0;0;400;1500;290;260;270;4;3;10;10;15;15;0;3;0;0;0;0;3;0;10;3;1;0
0;200;100;80;0;0;400;1500;290;270;270;4;3;5;10;15;15;0;3;0;0;0;1;3;0;5;3;1;0
0;300;9900;50;0;0;3000;1200;210;210;200;14;10;15;20;20;40;8;5;12;8;0;0;3;0;0;3;10;12
0;300;900;40;0;0;3000;1200;180;190;180;6;4;15;15;20;35;4;0;8;4;1;0;2;0;0;2;3;14
0;600;300;30;0;0;3000;1200;230;180;190;11;7;10;10;15;30;1;7;10;1;0;0;6;0;0;6;3;4
0;400;9900;40;0;0;2000;1200;230;180;190;11;7;10;10;15;30;1;7;10;1;0;0;6;0;0;6;3;4
0;9900;9900;0;0;0;9900;9900;110;80;20;3;3;10;10;10;10;0;0;0;0;3;5;3;1;0;3;0;7
0;9900;9900;0;0;0;9900;9900;110;80;20;3;3;10;10;10;10;0;0;0;0;3;5;3;1;0;3;0;7
0;9900;9900;0;0;0;9900;9900;110;60;20;4;3;10;10;10;10;1;0;0;1;3;5;3;2;0;3;0;7
0;9900;9900;0;0;0;9900;9900;110;60;20;4;3;10;10;10;10;1;0;0;1;3;5;3;2;0;3;0;7
0;9900;9900;0;0;0;9900;9900;90;60;30;6;4;15;10;5;10;1;0;0;1;4;11;4;2;0;4;0;7
60;9900;9900;0;0;0;9900;9900;20;30;30;12;8;5;10;10;15;5;0;0;5;6;4;5;6;3;5;0;0
50;9900;9900;0;0;0;9900;9900;10;20;30;13;8;5;5;10;15;5;0;0;5;6;4;5;6;4;5;0;0
40;9900;9900;0;0;0;9900;9900;10;20;30;11;7;5;5;10;15;4;0;0;4;6;4;4;6;4;4;0;0
60;9900;9900;0;0;0;9900;9900;20;20;30;16;6;10;10;10;10;4;0;0;4;5;9;4;5;7;4;0;0
60;9900;9900;0;0;0;9900;9900;20;20;30;16;6;10;10;10;10;4;0;0;4;5;9;4;5;7;4;0;0
90;9900;9900;0;0;0;9900;9900;20;30;10;13;8;10;10;10;10;5;0;0;5;6;9;5;6;7;5;0;0
0;9900;9900;0;0;0;9900;9900;10;360;30;6;4;10;5;10;10;4;0;0;4;2;10;0;4;5;0;0;0
0;9900;9900;0;0;0;9900;9900;10;360;30;6;4;10;5;10;10;4;0;0;4;2;10;0;4;5;0;0;0
0;9900;9900;0;0;0;9900;9900;10;350;10;5;4;10;5;10;10;4;0;0;4;2;9;0;4;7;0;0;0
0;9900;9900;0;0;0;9900;9900;10;350;10;5;4;10;5;10;10;4;0;0;4;2;9;0;4;7;0;0;0
0;9900;9900;0;0;0;9900;9900;10;10;10;6;4;10;10;10;10;3;0;0;3;2;8;1;4;8;1;0;0
0;9900;9900;0;0;0;9900;9900;10;10;10;6;4;10;10;10;10;3;0;0;3;2;8;1;4;8;1;0;0
0;9900;9900;0;0;0;9900;9900;360;350;360;6;4;5;5;10;10;4;0;0;4;2;4;0;4;3;0;0;0
0;9900;9900;0;0;0;9900;9900;360;350;360;6;5;5;5;10;10;5;2;0;5;0;4;3;4;3;3;0;0
0;200;9900;60;0;0;500;9900;330;320;320;6;4;5;5;5;15;4;1;0;4;0;2;2;4;5;2;0;0
0;200;9900;60;0;0;500;9900;320;310;320;7;5;5;5;5;10;5;0;0;5;0;3;1;5;5;1;0;0
0;9900;9900;40;0;0;9900;9900;340;330;320;5;3;5;5;5;15;3;0;0;3;0;3;1;3;5;1;0;0
0;9900;9900;40;0;0;9900;9900;330;320;330;5;4;5;5;10;15;4;1;0;4;0;2;2;4;5;2;0;0
0;9900;9900;40;0;0;9900;9900;340;330;320;5;3;5;5;5;15;3;0;0;3;0;3;1;3;5;1;0;0
0;9900;9900;40;0;0;9900;9900;330;320;330;5;4;5;5;10;15;4;1;0;4;0;2;2;4;5;2;0;0
0;9900;9900;30;0;0;9900;9900;350;310;330;6;4;0;0;5;15;4;1;0;4;0;0;2;4;0;2;0;0
0;9900;9900;30;0;0;9900;9900;310;310;330;5;4;0;0;5;15;4;0;0;4;0;0;1;4;0;1;0;0
0;9900;9900;20;0;0;9900;9900;350;310;330;6;4;0;0;5;15;4;1;0;4;0;0;2;4;0;2;0;0
0;9900;9900;20;0;0;9900;9900;310;310;330;5;4;0;0;5;15;4;0;0;4;0;0;1;4;0;1;0;0
0;9900;9900;20;0;0;9900;9900;40;350;340;4;3;5;5;5;15;3;0;0;3;0;5;1;3;1;1;0;0
0;9900;9900;20;0;0;9900;9900;350;350;340;4;3;5;5;5;15;3;0;0;3;0;5;1;3;1;1;0;0
0;9900;9900;10;0;0;9900;9900;40;350;340;4;3;5;5;5;15;3;1;0;3;0;5;2;3;1;2;0;0
0;9900;9900;10;0;0;9900;9900;350;350;340;4;3;5;5;5;15;3;0;0;3;0;5;1;3;1;1;0;0
0;9900;9900;10;0;0;9900;9900;40;340;310;4;2;5;5;5;15;2;0;0;2;1;5;0;2;0;0;0;1
0;9900;9900;10;0;0;9900;9900;20;330;320;4;2;0;5;10;15;2;0;0;2;1;0;0;2;0;0;0;0
0;1400;9900;0;0;0;9900;9900;220;250;290;4;3;10;15;10;15;3;1;10;3;0;0;0;0;0;0;3;5
0;1400;9900;0;0;0;9900;9900;220;250;290;4;3;10;15;10;15;3;1;10;3;0;0;0;0;0;0;3;5
0;1000;9900;20;0;0;9900;9900;210;260;290;4;3;10;10;10;10;2;0;10;2;3;0;3;0;0;3;1;5
0;1000;9900;20;0;0;9900;9900;210;260;290;4;3;10;10;10;10;2;0;10;2;3;0;3;0;0;3;1;5
0;1000;9900;10;0;0;9900;9900;210;260;280;3;3;10;10;10;10;2;0;10;2;2;0;3;0;0;3;1;5
0;1000;9900;10;0;0;9900;9900;210;260;280;3;3;10;10;10;10;2;0;10;2;2;0;3;0;0;3;1;5
0;600;300;40;0;0;9900;2000;220;240;280;3;3;10;15;5;15;2;2;10;2;0;0;1;0;0;1;3;4
0;200;100;40;0;0;500;3000;240;260;260;8;5;25;25;25;20;4;3;25;4;0;0;1;0;0;1;5;6
0;300;100;60;0;0;3000;500;240;260;260;8;5;25;25;25;20;4;3;25;4;0;0;1;0;0;1;5;6
0;300;100;60;0;0;3000;500;230;260;250;7;5;20;20;25;20;5;2;20;5;0;0;1;0;0;1;5;8
0;2500;100;60;0;0;9900;600;230;260;250;7;5;20;20;25;20;5;2;20;5;0;0;1;0;0;1;5;8
0;200;1000;60;0;0;900;4000;240;260;250;8;5;25;25;25;20;4;3;25;4;0;0;2;0;0;2;4;6
0;9900;9900;0;0;0;9900;9900;70;50;50;10;5;20;10;5;15;4;0;0;4;3;17;1;5;0;1;0;6
0;9900;9900;0;0;0;9900;9900;70;50;50;7;5;20;10;5;15;4;0;0;4;3;17;1;5;0;1;0;6
0;9900;9900;0;0;0;9900;9900;70;40;60;11;7;20;10;10;15;3;0;0;3;6;17;5;5;0;5;0;6
0;9900;9900;0;0;0;9900;9900;70;40;60;11;7;20;10;10;15;3;0;0;3;6;17;5;5;0;5;0;6
0;9900;300;40;0;0;9900;3000;150;60;80;5;4;5;5;5;15;3;2;0;3;0;5;3;2;3;3;0;0
0;9900;9900;10;0;0;9900;9900;150;60;80;7;4;5;5;5;15;2;0;0;2;4;5;3;3;3;3;0;0
50;9900;9900;0;0;0;9900;9900;300;260;270;10;6;25;25;25;30;1;6;8;1;0;0;6;0;21;6;2;0
50;9900;9900;0;0;0;9900;9900;300;270;270;7;5;25;15;20;25;2;5;3;2;0;0;5;1;23;5;0;0
50;9900;9900;0;0;0;9900;9900;300;270;270;7;5;25;15;20;25;2;5;3;2;0;0;5;1;23;5;0;0
0;9900;9900;0;0;0;9900;9900;340;330;300;16;7;20;15;10;15;6;3;0;6;0;11;5;5;19;5;0;0
0;9900;400;20;0;0;6000;2000;70;30;100;10;6;10;5;5;5;4;0;0;4;5;10;4;5;1;4;0;0
0;9900;400;40;0;0;9900;3000;230;220;200;8;1;15;20;20;20;0;1;15;0;0;0;1;0;0;1;0;1
0;9900;400;40;0;0;9900;3000;230;220;200;8;1;15;20;20;20;0;1;15;0;0;0;1;0;0;1;0;1
0;900;300;40;0;0;9900;2000;240;230;220;8;5;15;15;20;25;2;5;15;2;0;0;4;0;0;4;3;1
0;6000;300;40;0;0;9900;2000;240;230;220;8;5;15;15;20;25;2;5;15;2;0;0;4;0;0;4;3;1
0;1500;300;40;0;0;9900;2000;240;220;210;10;5;20;15;20;25;2;4;20;2;0;0;4;0;0;4;3;1
0;9900;300;40;0;0;9900;2000;240;220;210;10;6;20;15;20;25;3;5;20;3;0;0;4;0;0;4;4;1
0;800;800;0;0;0;9900;5000;200;200;250;7;6;5;10;15;20;2;0;3;2;6;0;6;0;0;6;1;5
0;800;800;0;0;0;9900;5000;200;200;250;7;6;5;10;15;20;2;0;3;2;6;0;6;0;0;6;1;5
20;2000;1000;0;0;0;9900;5000;210;240;220;5;4;5;5;10;15;4;0;4;4;1;0;2;0;0;2;4;3
30;500;500;0;0;0;5000;6000;250;250;250;19;13;20;25;30;25;2;13;18;2;0;0;12;0;2;12;5;0
0;400;200;60;0;0;2000;600;230;190;250;5;4;10;15;5;15;4;0;10;4;1;0;2;0;0;2;3;2
0;400;200;60;0;0;2000;600;230;190;250;5;4;10;15;5;15;4;0;10;4;1;0;2;0;0;2;3;2
0;400;200;60;0;0;2000;600;230;180;240;5;4;10;10;5;15;3;0;10;3;2;0;3;0;0;3;2;2
0;9900;400;20;0;0;9900;3500;180;210;120;4;1;10;5;5;0;0;0;8;0;1;0;1;0;0;1;0;8
0;9900;400;20;0;0;9900;3500;240;210;230;5;4;5;5;5;5;3;3;5;3;0;0;4;2;0;4;0;3
0;700;400;20;0;0;9900;3500;240;210;230;5;4;5;5;5;5;3;3;5;3;0;0;4;2;0;4;0;3
0;700;400;20;0;0;9900;3500;170;150;180;5;4;5;5;5;5;1;0;0;1;4;1;4;0;0;4;0;5
0;9900;9900;40;0;0;9900;9900;240;230;160;6;4;5;5;5;5;4;0;5;4;0;0;1;4;0;1;0;2
0;0;9900;80;0;0;300;9900;320;350;250;5;4;5;5;5;0;4;0;0;4;0;3;1;4;4;1;0;0
0;9900;9900;0;0;0;9900;2000;130;190;210;5;4;5;5;5;5;3;0;0;3;2;5;1;4;1;1;0;0
0;9900;9900;0;0;0;9900;2000;130;190;210;5;4;5;5;5;5;3;0;0;3;2;5;1;4;1;1;0;0
0;9000;9900;0;0;0;9900;2000;10;290;180;4;1;5;5;0;5;1;0;0;1;0;4;0;1;4;0;0;0
0;9900;200;60;0;0;9900;500;10;290;180;4;1;5;5;0;5;1;0;0;1;0;4;0;1;4;0;0;0
0;9900;200;60;0;0;9900;500;210;220;210;2;1;5;5;5;10;1;0;5;1;1;0;0;1;0;0;0;1
0;9900;200;60;0;0;9900;500;210;220;210;3;2;5;5;5;10;1;0;5;1;1;0;1;2;0;1;0;1
0;9900;9900;0;0;0;5700;9900;250;310;320;3;2;5;5;5;10;0;0;5;0;2;0;2;0;0;2;0;1
0;9900;9900;0;0;0;5700;9900;250;310;320;3;1;5;5;5;10;0;0;5;0;1;0;1;0;0;1;0;1
0;9900;9900;0;0;0;9900;9900;260;330;280;6;4;10;10;10;15;1;4;9;1;0;0;4;0;1;4;0;0
0;9900;9900;0;0;0;9900;9900;220;330;270;5;4;15;10;10;15;0;4;15;0;0;0;4;0;0;4;1;6
0;9900;9900;0;0;0;9900;9900;220;330;270;5;4;15;10;10;15;0;4;15;0;0;0;4;0;0;4;1;6
0;3500;9900;0;0;0;9900;9900;210;280;260;6;5;10;10;10;15;2;5;10;2;0;0;4;0;0;4;3;2
0;4000;9900;0;0;0;9900;9900;210;280;260;6;3;10;10;10;15;1;3;10;1;0;0;3;0;0;3;2;2
0;2100;9900;0;0;0;9900;9900;230;240;240;21;15;25;30;25;25;9;12;25;9;0;0;9;0;0;9;12;10
0;1800;9900;0;0;0;9900;9900;230;250;250;23;16;25;30;30;35;10;13;25;10;0;0;10;0;0;10;13;10
0;9900;9900;0;0;0;9900;9900;220;310;260;2;1;10;10;10;15;0;1;10;0;0;0;1;0;0;1;1;2
0;1800;9900;0;0;0;9900;9900;230;250;250;23;16;25;30;30;35;10;13;25;10;0;0;10;0;0;10;13;10
0;1600;9900;0;0;0;9900;9900;240;250;250;25;17;25;30;30;35;8;15;25;8;0;0;12;0;0;12;12;6
0;9900;9900;0;0;0;9900;9900;240;290;260;2;1;15;15;10;15;0;1;15;0;0;0;1;0;0;1;0;1
0;2100;9900;0;0;0;9900;9900;220;240;250;25;16;25;30;25;35;10;13;25;10;0;0;10;0;0;10;13;10
0;1400;9900;0;0;0;9900;9900;240;250;260;25;18;30;35;35;35;8;16;30;8;0;0;13;0;0;13;12;7
0;9900;9900;0;0;0;9900;9900;220;240;250;25;16;25;30;25;35;10;13;25;10;0;0;10;0;0;10;13;10
0;1400;9900;0;0;0;9900;9900;240;250;260;25;18;30;35;35;35;8;16;30;8;0;0;13;0;0;13;12;7
0;1100;9900;0;0;0;9900;9900;230;260;250;23;16;25;30;30;35;12;11;25;12;0;0;7;0;0;7;14;10
20;1100;1500;0;0;0;9900;9900;230;250;250;23;16;25;35;40;40;12;11;25;12;0;0;7;0;0;7;14;10
20;2000;1100;0;0;0;9900;9900;230;250;250;23;16;25;35;40;40;12;11;25;12;0;0;7;0;0;7;14;10
10;5000;1100;0;0;0;9900;9900;240;250;250;23;16;25;35;30;40;10;13;25;10;0;0;10;0;0;10;13;6
0;9900;1100;0;0;0;9900;9900;240;250;250;23;16;25;35;30;40;10;13;25;10;0;0;10;0;0;10;13;6
0;9900;300;40;0;0;9900;600;260;250;240;6;5;15;10;15;20;2;5;11;2;0;0;4;0;7;4;3;0
0;9900;300;40;0;0;9900;600;260;250;240;5;4;15;15;15;20;1;4;13;1;0;0;4;0;4;4;2;0
0;9900;200;60;0;0;2000;500;120;110;100;9;6;10;10;15;25;0;0;0;0;6;0;6;1;0;6;0;10
0;9900;200;60;0;0;2000;500;120;110;100;8;5;10;10;15;25;0;0;0;0;5;0;5;1;0;5;0;10
0;9900;200;60;0;0;2000;500;130;110;100;8;5;10;10;15;30;1;0;2;1;5;0;5;2;0;5;0;10
0;9900;200;60;0;0;2000;500;130;110;100;8;7;10;10;15;30;0;0;2;0;7;0;7;2;0;7;0;10
0;9900;200;50;0;0;1500;500;130;110;110;7;5;5;10;15;25;0;0;1;0;5;0;5;1;0;5;0;5
0;1000;5000;0;0;0;9900;9900;110;90;80;8;6;10;10;15;20;1;0;0;1;6;6;6;2;0;6;0;6
0;9900;9900;0;0;0;9900;9900;320;320;330;8;6;20;20;20;30;5;3;0;5;0;8;4;4;20;4;0;0
0;9900;9900;0;0;0;9900;9900;320;320;320;12;9;20;25;20;30;8;4;0;8;0;1;6;7;19;6;0;0
0;2000;9900;0;0;0;9900;9900;310;310;300;10;7;15;15;20;30;3;6;2;3;0;0;7;1;14;7;0;0
0;2000;9900;0;0;0;9900;9900;310;310;300;10;7;15;15;20;30;3;6;2;3;0;0;7;1;14;7;0;0
0;2000;9900;0;0;0;9900;9900;300;320;300;6;4;15;15;20;30;2;4;5;2;0;0;4;0;13;4;0;0
0;9900;9900;0;0;0;9900;9900;260;270;290;6;4;20;20;20;25;0;4;18;0;0;0;4;0;2;4;1;0
0;9900;9900;0;0;0;9900;9900;270;280;290;7;6;15;20;20;30;0;6;13;0;0;0;6;0;4;6;1;0
0;9900;9900;0;0;0;9900;9900;270;280;290;6;4;15;20;20;35;0;4;13;0;0;0;4;0;4;4;1;0
0;9900;9900;0;0;0;3200;9900;300;310;300;6;4;10;10;15;25;4;1;3;4;0;0;2;3;8;2;0;0
0;9900;9900;0;0;0;3200;9900;300;310;300;6;4;10;10;15;25;4;1;3;4;0;0;2;3;8;2;0;0
0;9900;9900;0;0;0;9900;9900;300;350;310;7;6;10;10;10;25;6;2;3;6;0;0;3;5;8;3;0;0
0;9900;9900;0;0;0;9900;9900;330;300;310;5;3;10;10;10;25;3;0;0;3;0;4;1;3;10;1;0;0
0;9900;9900;0;0;0;9900;9900;330;300;310;5;3;10;10;10;25;3;0;0;3;0;4;1;3;10;1;0;0
0;9900;200;60;0;0;9900;700;340;330;310;2;1;10;15;20;25;1;0;0;1;0;4;1;1;10;1;0;0
0;9900;200;60;0;0;9900;700;290;320;310;5;4;10;10;15;20;4;2;5;4;0;0;3;3;7;3;0;0
0;400;600;10;0;0;9900;6000;340;320;320;9;6;15;15;15;35;6;2;0;6;0;8;3;5;14;3;0;0